DATE,DJIA
2012-01-02,
2012-01-03,
2012-01-04,0.16956942787658136
2012-01-05,-0.021905346441641882
2012-01-06,-0.4502821261125334
2012-01-09,0.2647803132315829
2012-01-10,0.5614945414389894
2012-01-11,-0.1045282835324457
2012-01-12,0.1731107429884915
2012-01-13,-0.393362839243494
2012-01-16,
2012-01-17,
2012-01-18,0.7731567398312933
2012-01-19,0.35733978482905826
2012-01-20,0.7615113230693638
2012-01-23,-0.09170524408581571
2012-01-24,-0.2605521283884471
2012-01-25,0.6386285693494642
2012-01-26,-0.17519507972245663
2012-01-27,-0.5841303251534313
2012-01-30,-0.05325078797167038
2012-01-31,-0.16459294653330403
2012-02-01,0.6591903668031307
2012-02-02,-0.08693302810467429
2012-02-03,1.2267222675223621
2012-02-06,-0.13303585060508993
2012-02-07,0.2571208177100104
2012-02-08,0.04463913218035742
2012-02-09,0.05051522140302467
2012-02-10,-0.6946242834224847
2012-02-13,0.567162060417381
2012-02-14,0.0329290723190212
2012-02-15,-0.7586390301261403
2012-02-16,0.9587759346747049
2012-02-17,0.354220905340874
2012-02-20,
2012-02-21,
2012-02-22,-0.20861360635180404
2012-02-23,0.3550469410088297
2012-02-24,-0.013401294862269708
2012-02-27,-0.011092085115471662
2012-02-28,0.18170887488153653
2012-02-29,-0.4087505146891601
2012-03-01,0.21772025581423549
2012-03-02,-0.02103408338260948
2012-03-05,-0.11379942462586001
2012-03-06,-1.5835827131768454
2012-03-07,0.6108671435503865
2012-03-08,0.5485293185529372
2012-03-09,0.10902069840277306
2012-03-12,0.291248124775656
2012-03-13,1.667917517049844
2012-03-14,0.12452706735679442
2012-03-15,0.4436072652572065
2012-03-16,-0.152083933716618
2012-03-19,0.049184509004795984
2012-03-20,-0.5220896001542741
2012-03-21,-0.3466086700930404
2012-03-22,-0.5997551102659315
2012-03-23,0.2647850294316356
2012-03-26,1.2225499844442211
2012-03-27,-0.33208096068335635
2012-03-28,-0.5433850402274842
2012-03-29,0.14928426651366067
2012-03-30,0.5024697704937964
2012-04-02,0.39620047348396525
2012-04-03,-0.4907801707386028
2012-04-04,-0.9499848792827947
2012-04-05,-0.11180457634925034
2012-04-06,
2012-04-09,
2012-04-10,-1.6662944919957567
2012-04-11,0.7010637882821413
2012-04-12,1.4050340532183014
2012-04-13,-1.0604612355246346
2012-04-16,0.557372130938738
2012-04-17,1.4912161172381033
2012-04-18,-0.6332366410848778
2012-04-19,-0.5281421370163741
2012-04-20,0.5013598587435553
2012-04-23,-0.7866299520561171
2012-04-24,0.5738052277065364
2012-04-25,0.6834231966751148
2012-04-26,0.8663186127749967
2012-04-27,0.17924616259215043
2012-04-30,-0.11103573722834881
2012-05-01,0.4959065307748034
2012-05-02,-0.08098572494876777
2012-05-03,-0.4682133231980856
2012-05-04,-1.2827068450951273
2012-05-07,-0.22835828527032476
2012-05-08,-0.5893476813547238
2012-05-09,-0.7531330289582527
2012-05-10,0.1555463312982397
2012-05-11,-0.2682700073302513
2012-05-14,-0.981746758341373
2012-05-15,-0.5002507732671191
2012-05-16,-0.26515489831258066
2012-05-17,-1.2464499916973182
2012-05-18,-0.5893164166073106
2012-05-21,1.0862916211147322
2012-05-22,-0.013356105379536132
2012-05-23,-0.053282217800720844
2012-05-24,0.26852197274926937
2012-05-25,-0.5997317109905254
2012-05-28,
2012-05-29,
2012-05-30,-1.2866294434664027
2012-05-31,-0.21286970559550866
2012-06-01,-2.242912036264144
2012-06-04,-0.14128804007498275
2012-06-05,0.2186599719475879
2012-06-06,2.337579759469399
2012-06-07,0.37120531454117867
2012-06-08,0.7454714005422858
2012-06-11,-1.145356302261824
2012-06-12,1.3013576073792166
2012-06-13,-0.6176281630850156
2012-06-14,1.236918955218158
2012-06-15,0.9068840410531465
2012-06-18,-0.1987535245026706
2012-06-19,0.7467835629482167
2012-06-20,-0.10085061404119244
2012-06-21,-1.9751834747214758
2012-06-22,0.5331103849938401
2012-06-25,-1.0986674006010944
2012-06-26,0.2556983307769656
2012-06-27,0.7339765432663015
2012-06-28,-0.1962007457175119
2012-06-29,2.180654527663073
2012-07-02,-0.06756893453125912
2012-07-03,0.5611435278463972
2012-07-04,
2012-07-05,
2012-07-06,-0.9677065085183401
2012-07-09,-0.28366744805197186
2012-07-10,-0.655157386428229
2012-07-11,-0.38475519252560986
2012-07-12,-0.2483141184884019
2012-07-13,1.6080591522525722
2012-07-16,-0.3911502264038802
2012-07-17,0.6135668561899621
2012-07-18,0.8023612864990426
2012-07-19,0.2681412681777573
2012-07-20,-0.9376015915810498
2012-07-23,-0.79165682207325
2012-07-24,-0.8219857969498534
2012-07-25,0.4643913052884585
2012-07-26,1.6576828167989888
2012-07-27,1.4461272237626943
2012-07-30,-0.020268717369376077
2012-07-31,-0.4932972552900594
2012-08-01,-0.28961049105635794
2012-08-02,-0.713196167779806
2012-08-03,1.6731060673969012
2012-08-06,0.16281578713233102
2012-08-07,0.388722898391336
2012-08-08,0.05344621949667783
2012-08-09,-0.07934450469662124
2012-08-10,0.3242695975430365
2012-08-13,-0.2920686389824567
2012-08-14,0.020575842742509565
2012-08-15,-0.05589112311987776
2012-08-16,0.6460772451994501
2012-08-17,0.18917786433192418
2012-08-20,-0.02682051815838804
2012-08-21,-0.5141422804120666
2012-08-22,-0.2336943944948544
2012-08-23,-0.8791443047146075
2012-08-24,0.7668040729361891
2012-08-27,-0.2533993374989052
2012-08-28,-0.16532168663037083
2012-08-29,0.03426111812512289
2012-08-30,-0.8179088264618883
2012-08-31,0.6908777631139174
2012-09-03,
2012-09-04,
2012-09-05,0.08848533476779608
2012-09-06,1.8567338818792578
2012-09-07,0.1100808272783027
2012-09-10,-0.3941885151348856
2012-09-11,0.5197611940463531
2012-09-12,0.074952989080046
2012-09-13,1.5369512251506734
2012-09-14,0.39442461786958205
2012-09-17,-0.2966870428391388
2012-09-18,0.08511034250346938
2012-09-19,0.09814830612597802
2012-09-20,0.13961420326911167
2012-09-21,-0.1284938579230399
2012-09-24,-0.15144600639729333
2012-09-25,-0.750434647623166
2012-09-26,-0.32778788356147004
2012-09-27,0.5387477769982496
2012-09-28,-0.36281151557062685
2012-10-01,0.5786548174919304
2012-10-02,-0.24261544555468362
2012-10-03,0.09081821154843794
2012-10-04,0.5966038345459168
2012-10-05,0.2559453105117626
2012-10-08,-0.194897428004559
2012-10-09,-0.8139843695332161
2012-10-10,-0.9587485114135319
2012-10-11,-0.1393255012533956
2012-10-12,0.018457909266444972
2012-10-15,0.7130424169206506
2012-10-16,0.9456620941369565
2012-10-17,0.03851150855567198
2012-10-18,-0.059470361386182446
2012-10-19,-1.5278191164719956
2012-10-22,0.017834795883864274
2012-10-23,-1.8403130946564872
2012-10-24,-0.19243798975097093
2012-10-25,0.2012145354685302
2012-10-26,0.026935369393044084
2012-10-29,
2012-10-30,
2012-10-31,
2012-11-01,1.0343028608996718
2012-11-02,-1.0595036848709327
2012-11-05,0.1471441484161673
2012-11-06,1.0110063609040765
2012-11-07,-2.391015414606379
2012-11-08,-0.9432152292051299
2012-11-09,0.03176373427749013
2012-11-12,-0.0024189958281795043
2012-11-13,-0.46067424260662904
2012-11-14,-1.4627263538372404
2012-11-15,-0.2275286656562514
2012-11-16,0.36552956675635073
2012-11-19,1.636089057805279
2012-11-20,-0.05823845645878123
2012-11-21,0.37759455448540535
2012-11-22,
2012-11-23,
2012-11-26,-0.3257493627145891
2012-11-27,-0.6905678330262788
2012-11-28,0.8272792591634825
2012-11-29,0.28230955657715384
2012-11-30,0.028870444083572977
2012-12-03,-0.46154200367176657
2012-12-04,-0.10664659243992958
2012-12-05,0.6365690751142239
2012-12-06,0.302966350476197
2012-12-07,0.618321192422755
2012-12-10,0.11206074788621123
2012-12-11,0.5947405555398078
2012-12-12,-0.02257124199349647
2012-12-13,-0.5657913267102188
2012-12-14,-0.27149995028104
2012-12-17,0.7613118104488947
2012-12-18,0.8693989806802804
2012-12-19,-0.7442071747359336
2012-12-20,0.44986295779452234
2012-12-21,-0.9122200892798915
2012-12-24,-0.3931653926413148
2012-12-25,
2012-12-26,
2012-12-27,-0.13948397776317734
2012-12-28,-1.2153291466175276
2012-12-31,1.2750991141800228
2013-01-01,
2013-01-02,
2013-01-03,-0.15811129357192755
2013-01-04,0.3269149880383182
2013-01-07,-0.37972416476659276
2013-01-08,-0.4150772211543696
2013-01-09,0.46153882020938397
2013-01-10,0.6009310858377859
2013-01-11,0.12767229795436208
2013-01-14,0.13994797761185396
2013-01-15,0.20390352380399435
2013-01-16,-0.17496044560552093
2013-01-17,0.6255911354438481
2013-01-18,0.39404405137943854
2013-01-21,
2013-01-22,
2013-01-23,0.48829664226754943
2013-01-24,0.3332773711271386
2013-01-25,0.5097172750065937
2013-01-28,-0.10115952710734177
2013-01-29,0.5208309556858026
2013-01-30,-0.3158104375977189
2013-01-31,-0.3589359656437807
2013-02-01,1.0707531015173188
2013-02-04,-0.9301652192403864
2013-02-05,0.712294527047419
2013-02-06,0.051634460641025726
2013-02-07,-0.304111464474488
2013-02-08,0.35021666592207623
2013-02-11,-0.15541296803114335
2013-02-12,0.33912216663569694
2013-02-13,-0.2556282977257851
2013-02-14,-0.06810629709921301
2013-02-15,0.059881633617386854
2013-02-18,
2013-02-19,
2013-02-20,-0.773377154828836
2013-02-21,-0.3374552255563046
2013-02-22,0.8604420403225177
2013-02-25,-1.5577210782719675
2013-02-26,0.8377360321448535
2013-02-27,1.2528268813568388
2013-02-28,-0.14845437435351272
2013-03-01,0.24992773494414422
2013-03-04,0.2704708093217434
2013-03-05,0.887553000438146
2013-03-06,0.2975132500942834
2013-03-07,0.23230859058234188
2013-03-08,0.47050621217152866
2013-03-11,0.3482140060958372
2013-03-12,0.019171308154497524
2013-03-13,0.036117894179632515
2013-03-14,0.5784577435164806
2013-03-15,-0.17230434593429322
2013-03-18,-0.4284314765289565
2013-03-19,0.02601366839218855
2013-03-20,0.3860186272321542
2013-03-21,-0.6237832678642974
2013-03-22,0.6258505396445457
2013-03-25,-0.44392675334083975
2013-03-26,0.7715310926151631
2013-03-27,-0.23028421625550521
2013-03-28,0.35994225367215194
2013-03-29,
2013-04-01,
2013-04-02,0.6099586345385433
2013-04-03,-0.764474652535263
2013-04-04,0.38248860101379734
2013-04-05,-0.28013796217596365
2013-04-08,0.33058357182547127
2013-04-09,0.4096029415110891
2013-04-10,0.8738100836213292
2013-04-11,0.424035383294985
2013-04-12,-0.0005381733052089999
2013-04-15,-1.804676007638939
2013-04-16,1.0735905498547638
2013-04-17,-0.9408631748785368
2013-04-18,-0.5587252446630941
2013-04-19,0.071309095618588
2013-04-22,0.13505216604254855
2013-04-23,1.0400061233006852
2013-04-24,-0.2936480023903343
2013-04-25,0.16679662512739668
2013-04-26,0.07989569787199002
2013-04-29,0.7192399780270975
2013-04-30,0.14194897278905216
2013-05-01,-0.9400643012599019
2013-05-02,0.884657372358788
2013-05-03,0.9554001237551901
2013-05-06,-0.03386451221878417
2013-05-07,0.5815819109674436
2013-05-08,0.32438927008566765
2013-05-09,-0.14906716545475263
2013-05-10,0.23754104975992618
2013-05-13,-0.17748994486428415
2013-05-14,0.8154615776648555
2013-05-15,0.3964461519457174
2013-05-16,-0.2784106507439432
2013-05-17,0.7923508530103263
2013-05-20,-0.12460216251053424
2013-05-21,0.3404634237812232
2013-05-22,-0.5239344444419203
2013-05-23,-0.08280594310026146
2013-05-24,0.05621356071365824
2013-05-27,
2013-05-28,
2013-05-29,-0.6941245672575036
2013-05-30,0.14189943195290766
2013-05-31,-1.3729474106600748
2013-06-03,0.9118392033759193
2013-06-04,-0.5027026938241974
2013-06-05,-1.4397293227803587
2013-06-06,0.5335130804960286
2013-06-07,1.3701675689166137
2013-06-10,-0.06251904722027746
2013-06-11,-0.7679066581667726
2013-06-12,-0.8419809182093729
2013-06-13,1.1988353570615118
2013-06-14,-0.7002547272913162
2013-06-17,0.7250933668546011
2013-06-18,0.9074731893955246
2013-06-19,-1.3541919479685305
2013-06-20,-2.3694711354009357
2013-06-21,0.2779647851740563
2013-06-24,-0.9493957042215229
2013-06-25,0.6849139296276618
2013-06-26,1.009969674212563
2013-06-27,0.7640018013633565
2013-06-28,-0.7676235633240935
2013-07-01,0.4374172095097606
2013-07-02,-0.2845454395304259
2013-07-03,0.37525577975330293
2013-07-04,
2013-07-05,
2013-07-08,0.5853010711595275
2013-07-09,0.4956598232981335
2013-07-10,-0.056746863447543205
2013-07-11,1.100796805829063
2013-07-12,0.021859181687133855
2013-07-15,0.12898824867733083
2013-07-16,-0.20952868254777712
2013-07-17,0.12075401897497784
2013-07-18,0.5030466076561879
2013-07-19,-0.030875831802212872
2013-07-22,0.011643881234135733
2013-07-23,0.1426400342896983
2013-07-24,-0.1639345683335236
2013-07-25,0.08598665710835007
2013-07-26,0.0206977854107393
2013-07-29,-0.2371883431614208
2013-07-30,-0.008891019303369774
2013-07-31,-0.1357183430958031
2013-08-01,0.8255110880829974
2013-08-02,0.19395027172048884
2013-08-05,-0.2956783451793399
2013-08-06,-0.5999850319367894
2013-08-07,-0.31023526136504387
2013-08-08,0.17856576754358144
2013-08-09,-0.4708998500168704
2013-08-12,-0.037801680388049874
2013-08-13,0.20297577252996746
2013-08-14,-0.7363131444913407
2013-08-15,-1.4809539020451012
2013-08-16,-0.2034864974973516
2013-08-19,-0.470089303853527
2013-08-20,-0.051643032520409804
2013-08-21,-0.7052744670099642
2013-08-22,0.4433171400343383
2013-08-23,0.3120681115049706
2013-08-26,-0.4276139916562727
2013-08-27,-1.1461441590896015
2013-08-28,0.3268851151862151
2013-08-29,0.1108359801802905
2013-08-30,-0.2066691999317527
2013-09-02,
2013-09-03,
2013-09-04,0.6511734986347051
2013-09-05,0.04426089896440999
2013-09-06,-0.10033497180312878
2013-09-09,0.9379231168807678
2013-09-10,0.8457724695313473
2013-09-11,0.8882784015408873
2013-09-12,-0.1695223351301678
2013-09-13,0.4917096816651423
2013-09-16,0.7691438604942036
2013-09-17,0.22530582938866672
2013-09-18,0.9434591511825019
2013-09-19,-0.2579720267494423
2013-09-20,-1.1931571531684781
2013-09-23,-0.3222435222598463
2013-09-24,-0.43460548099520935
2013-09-25,-0.4007474035528702
2013-09-26,0.3597206113084894
2013-09-27,-0.4581108064295236
2013-09-30,-0.8461968406910714
2013-10-01,0.4091509488796774
2013-10-02,-0.3862185112428307
2013-10-03,-0.9071534070177023
2013-10-04,0.5061692149872954
2013-10-07,-0.9086724377375788
2013-10-08,-1.0750363439129274
2013-10-09,0.1788400622576347
2013-10-10,2.159123336337565
2013-10-11,0.7314154513711202
2013-10-14,0.42012782187050846
2013-10-15,-0.8746573153599613
2013-10-16,1.3478108440889258
2013-10-17,-0.014180946296171726
2013-10-18,0.18198781155103205
2013-10-21,-0.04838942866616236
2013-10-22,0.48905050378227344
2013-10-23,-0.3518673206736267
2013-10-24,0.6201321577487207
2013-10-25,0.3929927974930081
2013-10-28,-0.00867074020725056
2013-10-29,0.7131074518357039
2013-10-30,-0.393558024469165
2013-10-31,-0.4685466485389256
2013-11-01,0.4479923285536813
2013-11-04,0.15082548923501804
2013-11-05,-0.1337286097580659
2013-11-06,0.8204068958153954
2013-11-07,-0.9757308068076398
2013-11-08,1.0703079872440568
2013-11-11,0.13517251133148278
2013-11-12,-0.20568432783782953
2013-11-13,0.44950871164690653
2013-11-14,0.34444010537519887
2013-11-15,0.5369710420316309
2013-11-18,0.08967453506159018
2013-11-19,-0.05628767595684536
2013-11-20,-0.41552910075566274
2013-11-21,0.6842222175386325
2013-11-22,0.3415773228679697
2013-11-25,0.04835501260931352
2013-11-26,0.0016176528230715803
2013-11-27,0.15250174465624156
2013-11-28,
2013-11-29,
2013-12-02,-0.4838119084910275
2013-12-03,-0.5898513470885547
2013-12-04,-0.15626776716608504
2013-12-05,-0.43050993480466815
2013-12-06,1.2480019373240836
2013-12-09,0.03326496259656864
2013-12-10,-0.327514007394214
2013-12-11,-0.8146720415341591
2013-12-12,-0.6592186228807861
2013-12-13,0.10115959724430468
2013-12-16,0.8167572955503744
2013-12-17,-0.05862751952179224
2013-12-18,1.8270201985133738
2013-12-19,0.06869251098251539
2013-12-20,0.25962801256316226
2013-12-23,0.4519048463123454
2013-12-24,0.38551861777964547
2013-12-25,
2013-12-26,
2013-12-27,-0.00892036571666921
2013-12-30,0.15693078681415784
2013-12-31,0.43753347743376025
2014-01-01,
2014-01-02,
2014-01-03,0.17404339798670065
2014-01-06,-0.2729284392621878
2014-01-07,0.6423123887593363
2014-01-08,-0.4134130968962424
2014-01-09,-0.10927601178583046
2014-01-10,-0.046895229558785445
2014-01-13,-1.0956528310650526
2014-01-14,0.7104755950500419
2014-01-15,0.6579075222418851
2014-01-16,-0.3947243562771874
2014-01-17,0.2527714173355733
2014-01-20,
2014-01-21,
2014-01-22,-0.2507032896209793
2014-01-23,-1.0806753726100737
2014-01-24,-1.9843239702376891
2014-01-27,-0.25998698630544936
2014-01-28,0.5709185310527332
2014-01-29,-1.1985358527374146
2014-01-30,0.6953433488344984
2014-01-31,-0.9494338052961737
2014-02-03,-2.098774724040453
2014-02-04,0.4701151235785517
2014-02-05,-0.03244244004658725
2014-02-06,1.212164924764636
2014-02-07,1.0537096170814664
2014-02-10,0.04880384780054925
2014-02-11,1.2138569049298553
2014-02-12,-0.1929365081606349
2014-02-13,0.39791834892319855
2014-02-14,0.788022714375991
2014-02-17,
2014-02-18,
2014-02-19,-0.5585175794591279
2014-02-20,0.5760605528148943
2014-02-21,-0.1856900144034057
2014-02-24,0.6427665950154093
2014-02-25,-0.16969880688844086
2014-02-26,0.11581914608225219
2014-02-27,0.4572695154411832
2014-02-28,0.3010339030989684
2014-03-03,-0.9460287842077975
2014-03-04,1.3994248140381416
2014-03-05,-0.2179750197987218
2014-03-06,0.37648673735937166
2014-03-07,0.18756121540679516
2014-03-10,-0.20711020624482046
2014-03-11,-0.4115364003975941
2014-03-12,-0.06833616395969244
2014-03-13,-1.4249691869162362
2014-03-14,-0.26865962422562006
2014-03-17,1.1237119948058094
2014-03-18,0.5461074891492501
2014-03-19,-0.7004066919982677
2014-03-20,0.6689378562937165
2014-03-21,-0.17331717267037305
2014-03-24,-0.16010090757028195
2014-03-25,0.5586854854712442
2014-03-26,-0.6060035943180608
2014-03-27,-0.029262397229423698
2014-03-28,0.3610614071412499
2014-03-31,0.821219036384413
2014-04-01,0.4543771781834849
2014-04-02,0.24400710356946576
2014-04-03,-0.0027152966238119802
2014-04-04,-0.9691677502445373
2014-04-07,-1.0217312045693205
2014-04-08,0.06319609366798318
2014-04-09,1.1075158504166183
2014-04-10,-1.637456312923824
2014-04-11,-0.8912077726092704
2014-04-14,0.9098823362384323
2014-04-15,0.5507508726525501
2014-04-16,0.9929898607426324
2014-04-17,-0.0993500905117628
2014-04-18,
2014-04-21,
2014-04-22,0.39510275093324054
2014-04-23,-0.07705350693001378
2014-04-24,0.0
2014-04-25,-0.8531806660311503
2014-04-28,0.5320309286540592
2014-04-29,0.5252844426838266
2014-04-30,0.27460889138044564
2014-05-01,-0.13259019598326205
2014-05-02,-0.2780621873519351
2014-05-05,0.1068896076281689
2014-05-06,-0.7866656098601155
2014-05-07,0.7139858445251335
2014-05-08,0.19613239141413885
2014-05-09,0.1953866569001761
2014-05-12,0.673884819425119
2014-05-13,0.11954180462687702
2014-05-14,-0.6088935477762902
2014-05-15,-1.0112370275585647
2014-05-16,0.27020380686320067
2014-05-19,0.12453350787708928
2014-05-20,-0.8365267352106187
2014-05-21,0.9648369439117843
2014-05-22,0.06058748273840564
2014-05-23,0.3812447395654672
2014-05-26,
2014-05-27,
2014-05-28,-0.2541080749644209
2014-05-29,0.3933771864486957
2014-05-30,0.11030674830490028
2014-06-02,0.1581552474261727
2014-06-03,-0.12723374145195976
2014-06-04,0.09079533807820894
2014-06-05,0.5872481107358496
2014-06-06,0.5223292767659871
2014-06-09,0.11113940279514622
2014-06-10,0.016642558601631663
2014-06-11,-0.6039710811268861
2014-06-12,-0.6533454137509054
2014-06-13,0.24798632103024687
2014-06-16,0.03140947823201401
2014-06-17,0.1636225971264338
2014-06-18,0.582114530253186
2014-06-19,0.08773776668355993
2014-06-20,0.1512908728086515
2014-06-23,-0.05796188017779258
2014-06-24,-0.7058457603703161
2014-06-25,0.29318151812240956
2014-06-26,-0.1268329546503466
2014-06-27,0.033889282082277816
2014-06-30,-0.1498882057806128
2014-07-01,0.7664914222159425
2014-07-02,0.11888375637010284
2014-07-03,0.5405879016912252
2014-07-04,
2014-07-07,
2014-07-08,-0.6931187404781269
2014-07-09,0.46612538047696717
2014-07-10,-0.416157444659504
2014-07-11,0.1697634824443739
2014-07-14,0.6565466389407248
2014-07-15,0.030835881250723673
2014-07-16,0.45334895627728855
2014-07-17,-0.9461594998303013
2014-07-18,0.7240694615314069
2014-07-21,-0.28373249111712795
2014-07-22,0.36182981978551965
2014-07-23,-0.15736767129208573
2014-07-24,-0.016564029229115818
2014-07-25,-0.723940776090437
2014-07-28,0.12974633527971235
2014-07-29,-0.41587682783053026
2014-07-30,-0.1879117409449904
2014-07-31,-1.8961411487877555
2014-08-01,-0.42309224925762834
2014-08-04,0.45918964985212085
2014-08-05,-0.8473705008322341
2014-08-06,0.08438585458971914
2014-08-07,-0.4575827335861149
2014-08-08,1.127883119463391
2014-08-11,0.09690885681123973
2014-08-12,-0.05698673160257073
2014-08-13,0.5495561570185714
2014-08-14,0.3703243937538403
2014-08-15,-0.30362712751994536
2014-08-18,1.0496892808516733
2014-08-19,0.4789938043842312
2014-08-20,0.3512820615439338
2014-08-21,0.3548648554369649
2014-08-22,-0.22484851886712676
2014-08-25,0.44398101106697396
2014-08-26,0.17452833376889743
2014-08-27,0.0894570728549482
2014-08-28,-0.24817579645599608
2014-08-29,0.11048037259264731
2014-09-01,
2014-09-02,
2014-09-03,0.06278949560005742
2014-09-04,-0.05095487792345921
2014-09-05,0.39629437012838054
2014-09-08,-0.1514798772989323
2014-09-09,-0.5717183104453127
2014-09-10,0.32180690151264457
2014-09-11,-0.11554117901066974
2014-09-12,-0.3613182837865381
2014-09-15,0.25650649818356186
2014-09-16,0.5902875515491957
2014-09-17,0.14512021333139558
2014-09-18,0.6341159864353685
2014-09-19,0.07960463261937889
2014-09-22,-0.6214968040360702
2014-09-23,-0.6825322922889399
2014-09-24,0.8999670559351358
2014-09-25,-1.5474081051101152
2014-09-26,0.9827158311654927
2014-09-29,-0.24531691546769707
2014-09-30,-0.1660309954097272
2014-10-01,-1.4074490454946798
2014-10-02,-0.021781980318102967
2014-10-03,1.2341797211750105
2014-10-06,-0.10458332325882225
2014-10-07,-1.6168224697894473
2014-10-08,1.6304162505674569
2014-10-09,-1.9907668524959732
2014-10-10,-0.69360749229741
2014-10-13,-1.3572631682933434
2014-10-14,-0.036033540997770785
2014-10-15,-1.0688111979737513
2014-10-16,-0.15189571840519278
2014-10-17,1.6196602098217383
2014-10-20,0.11751040397882662
2014-10-21,1.3033253614795015
2014-10-22,-0.9281079847061946
2014-10-23,1.3071103279829188
2014-10-24,0.7616368656153227
2014-10-27,0.0745315418006598
2014-10-28,1.110534836346666
2014-10-29,-0.1850497554846342
2014-10-30,1.2942044684248089
2014-10-31,1.1282160870722535
2014-11-03,-0.13971385105815415
2014-11-04,0.1012947394935182
2014-11-05,0.5775450924897285
2014-11-06,0.3992128364773251
2014-11-07,0.11079355729624041
2014-11-10,0.22627253799605285
2014-11-11,0.006585550849713684
2014-11-12,-0.015329107450234858
2014-11-13,0.23020008186342977
2014-11-14,-0.10230243700366515
2014-11-17,0.07374763283216623
2014-11-18,0.22679706129338228
2014-11-19,-0.011816738791736725
2014-11-20,0.1879410451259389
2014-11-21,0.5125956013841915
2014-11-24,0.04401037907619809
2014-11-25,-0.01661388767679739
2014-11-26,0.07188009968697173
2014-11-27,
2014-11-28,
2014-12-01,-0.2889480578581072
2014-12-02,0.5763365258367514
2014-12-03,0.18478907208105966
2014-12-04,-0.06991929409458919
2014-12-05,0.3273389243540592
2014-12-08,-0.59372545175993
2014-12-09,-0.28765633931868706
2014-12-10,-1.517249600891546
2014-12-11,0.35975511259849213
2014-12-12,-1.8093131243309912
2014-12-15,-0.5802985206100786
2014-12-16,-0.6538472816734142
2014-12-17,1.6732056830155884
2014-12-18,2.398178174130372
2014-12-19,0.14979086884547854
2014-12-22,0.8647798120167138
2014-12-23,0.3597752967039014
2014-12-24,0.033504944788909086
2014-12-25,
2014-12-26,
2014-12-29,-0.0857809303086654
2014-12-30,-0.3062634780839346
2014-12-31,-0.8937074197284289
2015-01-01,
2015-01-02,
2015-01-05,-1.8754950512938962
2015-01-06,-0.745617074381677
2015-01-07,1.2179978107184297
2015-01-08,1.8221311464426293
2015-01-09,-0.95665676726302
2015-01-12,-0.5457044861785221
2015-01-13,-0.15407956411426227
2015-01-14,-1.0649980786132218
2015-01-15,-0.6122996699549077
2015-01-16,1.0958909962266006
2015-01-19,
2015-01-20,
2015-01-21,0.22270066584457737
2015-01-22,1.4685747473413002
2015-01-23,-0.7968124740628468
2015-01-26,0.03451075383669178
2015-01-27,-1.6625646632295599
2015-01-28,-1.1327364744390778
2015-01-29,1.3030614719571787
2015-01-30,-1.4568614435951588
2015-02-02,1.1359101270656424
2015-02-03,1.7435915158564796
2015-02-04,0.037465244633061445
2015-02-05,1.1916480278545194
2015-02-06,-0.33935293453417614
2015-02-09,-0.5348571964193027
2015-02-10,0.7840374878755441
2015-02-11,-0.03705476254864948
2015-02-12,0.6152745887085587
2015-02-13,0.26100455112665344
2015-02-16,
2015-02-17,
2015-02-18,-0.09828860552065777
2015-02-19,-0.24478280262911767
2015-02-20,0.8562810494362694
2015-02-23,-0.13018077105027004
2015-02-24,0.5084519225205142
2015-02-25,0.08442719562058443
2015-02-26,-0.05570955870357608
2015-02-27,-0.449664995175425
2015-03-02,0.8562617164750819
2015-03-03,-0.4672813500983253
2015-03-04,-0.586608889197926
2015-03-05,0.21428212949601289
2015-03-06,-1.5500206139469341
2015-03-09,0.7750683804234271
2015-03-10,-1.8665292608670114
2015-03-11,-0.1560980680626045
2015-03-12,1.4625959523801413
2015-03-13,-0.8186996152868886
2015-03-16,1.2769884051252234
2015-03-17,-0.7164559696517969
2015-03-18,1.2643636387689838
2015-03-19,-0.6502550161995302
2015-03-20,0.9345344443270065
2015-03-23,-0.06406632656403843
2015-03-24,-0.5807278332158106
2015-03-25,-1.637890634636463
2015-03-26,-0.22776099302692643
2015-03-27,0.1945699068993889
2015-03-30,1.4775141805509762
2015-03-31,-1.1198796400618605
2015-04-01,-0.43941741153687985
2015-04-02,0.3669343923496271
2015-04-03,
2015-04-06,
2015-04-07,-0.030372295777780778
2015-04-08,0.15143416724772152
2015-04-09,0.31354211989107483
2015-04-10,0.5493070027176472
2015-04-13,-0.44740295789278406
2015-04-14,0.33131829448915795
2015-04-15,0.4199809710202729
2015-04-16,-0.037770878108567274
2015-04-17,-1.5555777083873679
2015-04-20,1.1635538088833997
2015-04-21,-0.4743159558337595
2015-04-22,0.4928338583738423
2015-04-23,0.11313973353015427
2015-04-24,0.11870889300453769
2015-04-27,-0.23351177103094756
2015-04-28,0.39930218144856866
2015-04-29,-0.4128301174887383
2015-04-30,-1.087142651703843
2015-05-01,1.0235257310077017
2015-05-04,0.2567708477171138
2015-05-05,-0.7900348325931006
2015-05-06,-0.48207846300520885
2015-05-07,0.4589836844980155
2015-05-08,1.478906882271147
2015-05-11,-0.4735480363205369
2015-05-12,-0.20423854457014556
2015-05-13,-0.042846799545692704
2015-05-14,1.056113281889992
2015-05-15,0.11126687673250757
2015-05-18,0.14393747987035965
2015-05-19,0.0738024144652627
2015-05-20,-0.14749527167090548
2015-05-21,0.0018593896717433722
2015-05-22,-0.294213219817685
2015-05-25,
2015-05-26,
2015-05-27,0.6709130352636095
2015-05-28,-0.20320152622428367
2015-05-29,-0.638907665820021
2015-06-01,0.16471091251073489
2015-06-02,-0.15771530807935363
2015-06-03,0.3565157049242984
2015-06-04,-0.9487632258419865
2015-06-05,-0.3139140444805122
2015-06-08,-0.46557797892017305
2015-06-09,-0.014128670557767009
2015-06-10,1.3217790699053822
2015-06-11,0.21626117585213933
2015-06-12,-0.7820685352463386
2015-06-15,-0.6033639477372787
2015-06-16,0.6348694061509619
2015-06-17,0.17444093773377745
2015-06-18,0.9991323444218381
2015-06-19,-0.5529217040635359
2015-06-22,0.5746682618180898
2015-06-23,0.1339626301817276
2015-06-24,-0.985880651469806
2015-06-25,-0.4222958756001205
2015-06-26,0.3143119318245624
2015-06-29,-1.9713645437192895
2015-06-30,0.1315316640797093
2015-07-01,0.7824239645247033
2015-07-02,-0.15667262184013708
2015-07-03,
2015-07-06,
2015-07-07,0.5263898807024603
2015-07-08,-1.4818788398102356
2015-07-09,0.18936785334116024
2015-07-10,1.1996508541594508
2015-07-13,1.2159165576889563
2015-07-14,0.42130146026266857
2015-07-15,-0.018890004557192697
2015-07-16,0.3874994412063515
2015-07-17,-0.1867058296870283
2015-07-20,0.07715508166512564
2015-07-21,-1.0056803722774177
2015-07-22,-0.3816016392427457
2015-07-23,-0.6695364578513718
2015-07-24,-0.9257171894994087
2015-07-27,-0.730898517638856
2015-07-28,1.081706291298623
2015-07-29,0.684651161770411
2015-07-30,-0.030481131655157867
2015-07-31,-0.31674173333424704
2015-08-03,-0.5194969978008501
2015-08-04,-0.27033587082918586
2015-08-05,-0.058248289819751164
2015-08-06,-0.6906162479076272
2015-08-07,-0.26654703071482544
2015-08-10,1.3821312918464557
2015-08-11,-1.212705131975511
2015-08-12,-0.0018962602014838126
2015-08-13,0.03297830930453216
2015-08-14,0.3964385961877426
2015-08-17,0.3870650570171108
2015-08-18,-0.19305972475720523
2015-08-19,-0.9329366201683342
2015-08-20,-2.0853757882470347
2015-08-21,-3.174754018574788
2015-08-24,-3.6402409715254436
2015-08-25,-1.299475223078872
2015-08-26,3.875491054867908
2015-08-27,2.242090648266526
2015-08-28,-0.07063534259028614
2015-08-31,-0.6932580980338443
2015-09-01,-2.882876396278
2015-09-02,1.8083333936695922
2015-09-03,0.1428827474160954
2015-09-04,-1.6774037773183537
2015-09-07,
2015-09-08,
2015-09-09,-1.4604069152554189
2015-09-10,0.4715824522618206
2015-09-11,0.6268583491436885
2015-09-14,-0.378795144439259
2015-09-15,1.3884625652812232
2015-09-16,0.8404419021950105
2015-09-17,-0.3903078722814257
2015-09-18,-1.7554350855085943
2015-09-21,0.7637117421538164
2015-09-22,-1.094507809052736
2015-09-23,-0.31020841573425884
2015-09-24,-0.48378833944262567
2015-09-25,0.6971982655167963
2015-09-28,-1.9357862791979485
2015-09-29,0.2947802235798491
2015-09-30,1.4571374198531828
2015-10-01,-0.07795628392823772
2015-10-02,1.2237977974960401
2015-10-05,1.8290493292576926
2015-10-06,0.08198621589414756
2015-10-07,0.7245789283274462
2015-10-08,0.8153614463489944
2015-10-09,0.1976843343578949
2015-10-12,0.2768853502123747
2015-10-13,-0.2921049901333461
2015-10-14,-0.9241790335732247
2015-10-15,1.2739960667303762
2015-10-16,0.43204331049953026
2015-10-19,0.08459493207801927
2015-10-20,-0.0779733925561743
2015-10-21,-0.28209403300198943
2015-10-22,1.8498543954903468
2015-10-23,0.8967536627023875
2015-10-26,-0.1341092780334563
2015-10-27,-0.23644728960920958
2015-10-28,1.120400171242153
2015-10-29,-0.1335009985721669
2015-10-30,-0.5209595021272051
2015-11-02,0.9310255658228073
2015-11-03,0.5001281863220797
2015-11-04,-0.28262681052968475
2015-11-05,-0.023229122371049016
2015-11-06,0.2622035082140428
2015-11-09,-1.0092448885815841
2015-11-10,0.15627517185610174
2015-11-11,-0.31578887525558486
2015-11-12,-1.4461014631281799
2015-11-13,-1.1692877443040928
2015-11-16,1.3693388830185782
2015-11-17,0.037114865787302165
2015-11-18,1.4061173016537865
2015-11-19,-0.02486614723693492
2015-11-20,0.512199150189474
2015-11-23,-0.17480671412091198
2015-11-24,0.10959176063654041
2015-11-25,0.006736732429146741
2015-11-26,
2015-11-27,
2015-11-30,-0.44241917449152623
2015-12-01,0.9460232476840247
2015-12-02,-0.8909591553015517
2015-12-03,-1.4316005269595422
2015-12-04,2.094666015298685
2015-12-07,-0.6583841823442071
2015-12-08,-0.9207819150711671
2015-12-09,-0.4318281226055376
2015-12-10,0.4702428743424747
2015-12-11,-1.776971874027744
2015-12-14,0.5964726634088535
2015-12-15,0.8965076648481229
2015-12-16,1.271094961477992
2015-12-17,-1.4371108616327177
2015-12-18,-2.1216476450398147
2015-12-21,0.7159390176456171
2015-12-22,0.9556190613851712
2015-12-23,1.0584943778823686
2015-12-24,-0.2869597512072275
2015-12-25,
2015-12-28,
2015-12-29,1.0934242288415774
2015-12-30,-0.6630484151811444
2015-12-31,-1.0211085926897567
2016-01-01,
2016-01-04,
2016-01-05,0.056663831104941664
2016-01-06,-1.4804247576243768
2016-01-07,-2.3484193411421828
2016-01-08,-1.0203813059119327
2016-01-11,0.31833875206146445
2016-01-12,0.714879244520894
2016-01-13,-2.233557599247149
2016-01-14,1.3995726825779542
2016-01-15,-2.415963459562853
2016-01-18,
2016-01-19,
2016-01-20,-1.5686813341581285
2016-01-21,0.7326549340975319
2016-01-22,1.318687780872807
2016-01-25,-1.3026967962286307
2016-01-26,1.7597236859897336
2016-01-27,-1.3874920556329329
2016-01-28,0.7820344034467297
2016-01-29,2.438409056416724
2016-02-01,-0.10402401267608496
2016-02-02,-1.8136407249230047
2016-02-03,1.127244147789952
2016-02-04,0.48801375749558673
2016-02-05,-1.2973814436907816
2016-02-08,-1.1040065569309476
2016-02-09,-0.07908511361929271
2016-02-10,-0.6241344794409187
2016-02-11,-1.6124539061944887
2016-02-12,1.9831199419112266
2016-02-15,
2016-02-16,
2016-02-17,1.57686641170951
2016-02-18,-0.24583747076452056
2016-02-19,-0.13071012687859707
2016-02-22,1.3853698947441373
2016-02-23,-1.142923524381878
2016-02-24,0.32330053250877455
2016-02-25,1.2796160894083641
2016-02-26,-0.34387982987009735
2016-02-29,-0.7447751267203984
2016-03-01,2.088533081447963
2016-03-02,0.20281723790223083
2016-03-03,0.2634502614370149
2016-03-04,0.37036130282146473
2016-03-07,0.39424100789311467
2016-03-08,-0.645456372354225
2016-03-09,0.2135173871492313
2016-03-10,-0.030768787514112717
2016-03-11,1.2756089343627153
2016-03-14,0.09186341683413701
2016-03-15,0.12992792569033185
2016-03-16,0.42935761613787093
2016-03-17,0.8948195511548462
2016-03-18,0.688696845491954
2016-03-21,0.1224657843634347
2016-03-22,-0.23461627443488453
2016-03-23,-0.4559200444900213
2016-03-24,0.07504643636071506
2016-03-25,
2016-03-28,
2016-03-29,0.555726013288016
2016-03-30,0.4727055116756418
2016-03-31,-0.17835281232478906
2016-04-01,0.6069159253685896
2016-04-04,-0.31382177332552885
2016-04-05,-0.7565332605308228
2016-04-06,0.6383487746346006
2016-04-07,-0.9875283079603392
2016-04-08,0.19932282420871417
2016-04-11,-0.11698281345360328
2016-04-12,0.9345359057268965
2016-04-13,1.0498691276962901
2016-04-14,0.10129844249906483
2016-04-15,-0.1617356814966442
2016-04-18,0.5944038968525689
2016-04-19,0.2742268570345985
2016-04-20,0.23607288112970082
2016-04-21,-0.630566473569516
2016-04-22,0.11798945799572635
2016-04-25,-0.14735561637913008
2016-04-26,0.07273220967238814
2016-04-27,0.2843595656878861
2016-04-28,-1.1752375364615375
2016-04-29,-0.32085949491946764
2016-05-02,0.6590275304562354
2016-05-03,-0.7869953898765658
2016-05-04,-0.5629613279641177
2016-05-05,0.05352292848908036
2016-05-06,0.45150909977440534
2016-05-09,-0.19590070626787082
2016-05-10,1.2484776689412058
2016-05-11,-1.2190567940820074
2016-05-12,0.052947058131280755
2016-05-13,-1.0505028841659936
2016-05-16,0.995240869410452
2016-05-17,-1.0256983304403278
2016-05-18,-0.01916900104568242
2016-05-19,-0.5218245798953802
2016-05-20,0.3751971550851607
2016-05-23,-0.04577944731405381
2016-05-24,1.210958978689014
2016-05-25,0.818170939895424
2016-05-26,-0.13015769863109483
2016-05-27,0.2516981703017507
2016-05-30,
2016-05-31,
2016-06-01,0.013885426143289692
2016-06-02,0.2744454646595784
2016-06-03,-0.1767398530294173
2016-06-06,0.634081468085057
2016-06-07,0.10011543391819089
2016-06-08,0.37152972083891456
2016-06-09,-0.11036326523967688
2016-06-10,-0.6686118530614849
2016-06-13,-0.7464536699441027
2016-06-14,-0.32569583656680834
2016-06-15,-0.1962340134832985
2016-06-16,0.5254261977770014
2016-06-17,-0.32726856227167644
2016-06-20,0.7311751307762293
2016-06-21,0.13952733597744071
2016-06-22,-0.2746378082010281
2016-06-23,1.2865658200169605
2016-06-24,-3.447326012133267
2016-06-27,-1.508439333450795
2016-06-28,1.559975553435855
2016-06-29,1.623535848964508
2016-06-30,1.3210700463073266
2016-07-01,0.1080286932918284
2016-07-04,
2016-07-05,
2016-07-06,0.4362515741666684
2016-07-07,-0.12698768965559992
2016-07-08,1.3920411496888718
2016-07-11,0.4409240525749425
2016-07-12,0.6602420182716173
2016-07-13,0.13317071591849583
2016-07-14,0.7282860437328509
2016-07-15,0.054776820943125415
2016-07-18,0.0890697934167406
2016-07-19,0.1399760716372711
2016-07-20,0.1938955294493283
2016-07-21,-0.4192690715587588
2016-07-22,0.2891497071761506
2016-07-25,-0.419762050046657
2016-07-26,-0.10447210217119363
2016-07-27,-0.008553041856629306
2016-07-28,-0.08567904139020754
2016-07-29,-0.13071794521337665
2016-08-01,-0.150556198568097
2016-08-02,-0.4942507367946547
2016-08-03,0.2248781040382397
2016-08-04,-0.01607320668028933
2016-08-05,1.0379656269099868
2016-08-08,-0.07682178318422217
2016-08-09,0.020290138253109546
2016-08-10,-0.2019514733715866
2016-08-11,0.63520884209467
2016-08-12,-0.1992472289300551
2016-08-15,0.3202150830416528
2016-08-16,-0.45191989265980226
2016-08-17,0.1180845023110777
2016-08-18,0.12783941325107406
2016-08-19,-0.2429593227716964
2016-08-22,-0.12485847176755271
2016-08-23,0.09644866852340783
2016-08-24,-0.35550763121303675
2016-08-25,-0.1790961675729008
2016-08-26,-0.2877554551405481
2016-08-29,0.5831707286802157
2016-08-30,-0.2634934984179438
2016-08-31,-0.2898916104088656
2016-09-01,0.1000538375242499
2016-09-02,0.3937015092576601
2016-09-05,
2016-09-06,
2016-09-07,-0.06464448726184457
2016-09-08,-0.24985116784659311
2016-09-09,-2.1576448478002774
2016-09-12,1.3162320089756818
2016-09-13,-1.4196835370585248
2016-09-14,-0.177167101911202
2016-09-15,0.9805512079976708
2016-09-16,-0.48810817214288704
2016-09-19,-0.020030918313551638
2016-09-20,0.054013600712643495
2016-09-21,0.8990919804020336
2016-09-22,0.5384059741981417
2016-09-23,-0.7148517465012105
2016-09-26,-0.9166018446279622
2016-09-27,0.7349069351267445
2016-09-28,0.6067695030743891
2016-09-29,-1.0733412458380442
2016-09-30,0.9036701862697782
2016-10-03,-0.2970299213533423
2016-10-04,-0.4689443363089296
2016-10-05,0.6177336850862858
2016-10-06,-0.06856449585459501
2016-10-07,-0.15344168926958446
2016-10-10,0.48428390008936617
2016-10-11,-1.0992575931441095
2016-10-12,0.08568390223846478
2016-10-13,-0.2497577391322281
2016-10-14,0.21767622756438954
2016-10-17,-0.2869860668639035
2016-10-18,0.41679210332929983
2016-10-19,0.22373441047740528
2016-10-20,-0.2214769678680284
2016-10-21,-0.09166009511396567
2016-10-24,0.4252009637550458
2016-10-25,-0.295447328723597
2016-10-26,0.16530747317915484
2016-10-27,-0.1630509412759551
2016-10-28,-0.046737114495343235
2016-10-31,-0.10340570357900702
2016-11-01,-0.5822094792890198
2016-11-02,-0.43037297021921717
2016-11-03,-0.16143636704022413
2016-11-04,-0.23669046574443797
2016-11-07,2.0545219319965113
2016-11-08,0.3997563282435834
2016-11-09,1.3918593557969317
2016-11-10,1.1668804991444404
2016-11-11,0.2112837303537063
2016-11-14,0.11151663498409903
2016-11-15,0.2877349554408326
2016-11-16,-0.290649879667626
2016-11-17,0.18892326801367432
2016-11-18,-0.190036261497184
2016-11-21,0.4693248097307645
2016-11-22,0.3537602924289729
2016-11-23,0.3112812347891847
2016-11-24,
2016-11-25,
2016-11-28,-0.2836077366499268
2016-11-29,0.12402047665585059
2016-11-30,0.010354245956101238
2016-12-01,0.35677495876385024
2016-12-02,-0.11214121269524924
2016-12-05,0.23872888009144333
2016-12-06,0.18477691397613683
2016-12-07,1.535232491091243
2016-12-08,0.33290442478470794
2016-12-09,0.7215373506499034
2016-12-12,0.2001351756980796
2016-12-13,0.5781271296493529
2016-12-14,-0.5978295922178134
2016-12-15,0.30122533261796036
2016-12-16,-0.044488502622463955
2016-12-19,0.19961508367511982
2016-12-20,0.45943547669970997
2016-12-21,-0.16364131039399155
2016-12-22,-0.11580289115453724
2016-12-23,0.07492593698685823
2016-12-26,
2016-12-27,
2016-12-28,-0.5598988148209472
2016-12-29,-0.07010737811707912
2016-12-30,-0.28891663298047376
2017-01-02,
2017-01-03,
2017-01-04,0.3033355144994587
2017-01-05,-0.21520309398912474
2017-01-06,0.32365808227243775
2017-01-09,-0.3835273819939644
2017-01-10,-0.16028019497564827
2017-01-11,0.4961098912067641
2017-01-12,-0.3176288544171513
2017-01-13,-0.026497904834421604
2017-01-16,
2017-01-17,
2017-01-18,-0.11127516162137141
2017-01-19,-0.3658338323960564
2017-01-20,0.4795299339372505
2017-01-23,-0.13828922311560632
2017-01-24,0.568385940569982
2017-01-25,0.7793698572950092
2017-01-26,0.16131677791833
2017-01-27,-0.03547732337167986
2017-01-30,-0.6122583734157416
2017-01-31,-0.5374151699069074
2017-02-01,0.135077267367123
2017-02-02,-0.030319905400766345
2017-02-03,0.9337752928789911
2017-02-06,-0.09490608300666281
2017-02-07,0.18867690414747784
2017-02-08,-0.17910245833601124
2017-02-09,0.5869744302856361
2017-02-10,0.4795546082032587
2017-02-13,0.7019922130863776
2017-02-14,0.4509183262811689
2017-02-15,0.5226653322830899
2017-02-16,0.038368602439753374
2017-02-17,0.020754624646102116
2017-02-20,
2017-02-21,
2017-02-22,0.15703808268856534
2017-02-23,0.16697963189109544
2017-02-24,0.054957620603701685
2017-02-27,0.07527749328097855
2017-02-28,-0.12100934785124196
2017-03-01,1.4468460709823106
2017-03-02,-0.534587958518884
2017-03-03,0.01304492311540173
2017-03-06,-0.2448520707895696
2017-03-07,-0.14126380423178375
2017-03-08,-0.33044161431572405
2017-03-09,0.01179462396656561
2017-03-10,0.2145055666506579
2017-03-13,-0.10290908101922014
2017-03-14,-0.21146324233356495
2017-03-15,0.5395410321243688
2017-03-16,-0.07425154902538367
2017-03-17,-0.09524681854724548
2017-03-20,-0.04189335047382059
2017-03-21,-1.1442408181407515
2017-03-22,-0.032470902896442055
2017-03-23,-0.022847251700852667
2017-03-24,-0.290207290140998
2017-03-27,-0.22232114475322362
2017-03-28,0.7297533044409832
2017-03-29,-0.20396121074224283
2017-03-30,0.3342533195175079
2017-03-31,-0.31537742267495616
2017-04-03,-0.06298194282123859
2017-04-04,0.18882695148096929
2017-04-05,-0.1988031345629082
2017-04-06,0.07165144783467525
2017-04-07,-0.033156619345220406
2017-04-10,0.009294643097312871
2017-04-11,-0.03253503112272682
2017-04-12,-0.288241934681821
2017-04-13,-0.6754058006784192
2017-04-14,
2017-04-17,
2017-04-18,-0.5521853088580997
2017-04-19,-0.5804876912083756
2017-04-20,0.8502071554181256
2017-04-21,-0.15051136575916502
2017-04-24,1.046348775247985
2017-04-25,1.1122238427640596
2017-04-26,-0.10021155816044569
2017-04-27,0.02974515006766154
2017-04-28,-0.19474342204848227
2017-05-01,-0.12925896284734506
2017-05-02,0.17404249395127636
2017-05-03,0.038226783600592285
2017-05-04,-0.030685262271745728
2017-05-05,0.26440483476797283
2017-05-08,0.025416940289346712
2017-05-09,-0.17385899321862297
2017-05-10,-0.15587247951778238
2017-05-11,-0.11317998472062385
2017-05-12,-0.10909692891658551
2017-05-15,0.4075122853437918
2017-05-16,-0.010438092469478022
2017-05-17,-1.7930259796452575
2017-05-18,0.2718202204540887
2017-05-19,0.6840022751648078
2017-05-22,0.4316108002790031
2017-05-23,0.20596315340117854
2017-05-24,0.35522999867918514
2017-05-25,0.3350965486145441
2017-05-26,-0.01266506386521371
2017-05-29,
2017-05-30,
2017-05-31,-0.09905296289307586
2017-06-01,0.6430432643250938
2017-06-02,0.2933145465892295
2017-06-05,-0.10497678146546008
2017-06-06,-0.225943834193032
2017-06-07,0.177074358864715
2017-06-08,0.04174121358495597
2017-06-09,0.4213458282194438
2017-06-12,-0.17079286840679941
2017-06-13,0.43604850017064933
2017-06-14,0.2158629862893946
2017-06-15,-0.06860973825357775
2017-06-16,0.11407402197800565
2017-06-19,0.6744326336450612
2017-06-20,-0.28770051007782627
2017-06-21,-0.26638900735527216
2017-06-22,-0.05952253201613189
2017-06-23,-0.01182462631703629
2017-06-26,0.06910519332539167
2017-06-27,-0.46296671590546623
2017-06-28,0.6732123691426395
2017-06-29,-0.7841573636895305
2017-06-30,0.29364422532971446
2017-07-03,0.6053874647044211
2017-07-04,
2017-07-05,
2017-07-06,-0.738959501210168
2017-07-07,0.4413315604884005
2017-07-10,-0.027181743750226417
2017-07-11,0.0025690376316944707
2017-07-12,0.5732038615969159
2017-07-13,0.09724911135950975
2017-07-14,0.3919818553479004
2017-07-17,-0.03707173978710898
2017-07-18,-0.25455724905345534
2017-07-19,0.3055389011542786
2017-07-20,-0.1339575018253214
2017-07-21,-0.14683328311821953
2017-07-24,-0.3104897832939102
2017-07-25,0.4649575001177908
2017-07-26,0.4504624410831326
2017-07-27,0.39321952423634343
2017-07-28,0.15476707119752575
2017-07-31,0.27817040390356595
2017-08-01,0.33200319448116744
2017-08-02,0.23792557681154847
2017-08-03,0.044775096712612594
2017-08-04,0.3024102401425921
2017-08-07,0.11585293087055248
2017-08-08,-0.1496705537054055
2017-08-09,-0.16603967557813348
2017-08-10,-0.9326901157312051
2017-08-11,0.06548850146632645
2017-08-14,0.6174876291531461
2017-08-15,0.024003982594145157
2017-08-16,0.11757262076166342
2017-08-17,-1.2524949231318416
2017-08-18,-0.3510404468515915
2017-08-21,0.13481409548763423
2017-08-22,0.8996557302578978
2017-08-23,-0.40172107544069746
2017-08-24,-0.13161913831805094
2017-08-25,0.13886256514066275
2017-08-28,-0.024162081376033484
2017-08-29,0.26088900643550517
2017-08-30,0.12368082238793932
2017-08-31,0.25396604430678593
2017-09-01,0.1796263472996884
2017-09-04,
2017-09-05,
2017-09-06,0.24944372503856727
2017-09-07,-0.10488062876756743
2017-09-08,0.059702768269254136
2017-09-11,1.1838197900456038
2017-09-12,0.2783851845729046
2017-09-13,0.17760902868033668
2017-09-14,0.20423048076008143
2017-09-15,0.29169054015572016
2017-09-18,0.2825582057731424
2017-09-19,0.1765016234857697
2017-09-20,0.18663174953932327
2017-09-21,-0.23836433392627754
2017-09-22,-0.04312348279107425
2017-09-25,-0.23966496023071215
2017-09-26,-0.05280346355487353
2017-09-27,0.2527282559331212
2017-09-28,0.18107460554901422
2017-09-29,0.10668444412722522
2017-10-02,0.6783872801525703
2017-10-03,0.3719975873426762
2017-10-04,0.08816133431963635
2017-10-05,0.5006939830238366
2017-10-06,-0.007552296362867139
2017-10-09,-0.055342361992494205
2017-10-10,0.3053625012885419
2017-10-11,0.1847121001759433
2017-10-12,-0.13947619944119083
2017-10-13,0.13436084267990367
2017-10-16,0.3719945601570629
2017-10-17,0.17617468825612548
2017-10-18,0.6940115005612313
2017-10-19,0.023488449317632387
2017-10-20,0.712345674910253
2017-10-23,-0.23462226060289026
2017-10-24,0.7183908185885102
2017-10-25,-0.4802107612558615
2017-10-26,0.3055834223340881
2017-10-27,0.1423293265473191
2017-10-30,-0.36530458877059857
2017-10-31,0.12198782576309242
2017-11-01,0.24681586262982336
2017-11-02,0.34610386942190985
2017-11-03,0.09745949434112333
2017-11-06,0.03920351921973264
2017-11-07,0.03740527984525954
2017-11-08,0.026018350086864928
2017-11-09,-0.43134294623925484
2017-11-10,-0.169481624429757
2017-11-13,0.07464484828769713
2017-11-14,-0.12905246430428008
2017-11-15,-0.5920659101585457
2017-11-16,0.8006952310948279
2017-11-17,-0.42771219025308227
2017-11-20,0.30815242716748514
2017-11-21,0.6826740273236709
2017-11-22,-0.2744233582406608
2017-11-23,
2017-11-24,
2017-11-27,0.0966932390287667
2017-11-28,1.0794855875566611
2017-11-29,0.4352274752520202
2017-11-30,1.3758738339298304
2017-12-01,-0.1680688603631353
2017-12-04,0.2409647665942316
2017-12-05,-0.45144884803622887
2017-12-06,-0.16444012641425587
2017-12-07,0.291898911750188
2017-12-08,0.48487300767536823
2017-12-11,0.23347964293893853
2017-12-12,0.48585893771573296
2017-12-13,0.3284974322054879
2017-12-14,-0.31274665677365476
2017-12-15,0.5820961749911646
2017-12-18,0.5681601338572762
2017-12-19,-0.15116977788469654
2017-12-20,-0.11357804355078827
2017-12-21,0.22476758106577677
2017-12-22,-0.11397692020533867
2017-12-25,
2017-12-26,
2017-12-27,0.11344795525225493
2017-12-28,0.2548184966569167
2017-12-29,-0.47739318012514076
2018-01-01,
2018-01-02,
2018-01-03,0.3966902296085095
2018-01-04,0.6098286003172859
2018-01-05,0.8764623020255158
2018-01-08,-0.0508908177575762
2018-01-09,0.4057729452901171
2018-01-10,-0.06568820250336671
2018-01-11,0.807167404544451
2018-01-12,0.8893373097995649
2018-01-15,
2018-01-16,
2018-01-17,1.2437042047739766
2018-01-18,-0.37534479724605774
2018-01-19,0.2069898470884013
2018-01-22,0.5465305481310523
2018-01-23,-0.014458637544656483
2018-01-24,0.15748265885129342
2018-01-25,0.5344119110086254
2018-01-26,0.8448347252771882
2018-01-29,-0.6680866425053722
2018-01-30,-1.3808866137599907
2018-01-31,0.27763817974761906
2018-02-01,0.14261668838742025
2018-02-02,-2.575195483895598
2018-02-05,-4.714277901653396
2018-02-06,2.3023227105555932
2018-02-07,-0.07798238844607397
2018-02-08,-4.2378003916308415
2018-02-09,1.3753833774451607
2018-02-12,1.682153823536936
2018-02-13,0.15913338635655805
2018-02-14,1.021692201905644
2018-02-15,1.2252353444651476
2018-02-16,0.07540696215588838
2018-02-19,
2018-02-20,
2018-02-21,-0.6710696847706643
2018-02-22,0.6619764504712577
2018-02-23,1.3825281916394871
2018-02-26,1.565244779732744
2018-02-27,-1.1707649284611321
2018-02-28,-1.5100834682046482
2018-03-01,-1.6931726309278972
2018-03-02,-0.28860354245363595
2018-03-05,1.3628253203847862
2018-03-06,0.037621426006317904
2018-03-07,-0.33313586399437156
2018-03-08,0.3776925110342333
2018-03-09,1.7540631618638614
2018-03-12,-0.6221222555222283
2018-03-13,-0.6837839211893737
2018-03-14,-1.0003469322850123
2018-03-15,0.4655896230875811
2018-03-16,0.29245204070065256
2018-03-19,-1.3544092095902016
2018-03-20,0.4716842645482444
2018-03-21,-0.1819890491235654
2018-03-22,-2.97890867818964
2018-03-23,-1.788551583771536
2018-03-26,2.80478753154636
2018-03-27,-1.4352629874148093
2018-03-28,-0.03894677735303276
2018-03-29,1.0622910053648127
2018-03-30,
2018-04-02,
2018-04-03,1.6325446397047472
2018-04-04,0.9563269113670003
2018-04-05,0.9880021774963055
2018-04-06,-2.3637924413474565
2018-04-09,0.1934385951610551
2018-04-10,1.7728329795380304
2018-04-11,-0.8994359718959899
2018-04-12,1.2064453691106536
2018-04-13,-0.5032851434897623
2018-04-16,0.8701717051504687
2018-04-17,0.865448789097556
2018-04-18,-0.15568887179622237
2018-04-19,-0.33667312611740385
2018-04-20,-0.8221455640168074
2018-04-23,-0.05826835214115533
2018-04-24,-1.7517893831582754
2018-04-25,0.24819190273550618
2018-04-26,0.9854608625506245
2018-04-27,-0.04585313957417014
2018-04-30,-0.6107992816440699
2018-05-01,-0.265632472995847
2018-05-02,-0.7249319239514662
2018-05-03,0.021606879012203706
2018-05-04,1.3793190470597239
2018-05-07,0.39000597153595606
2018-05-08,0.011864312510923014
2018-05-09,0.7456874914829825
2018-05-10,0.7994430800083663
2018-05-11,0.3697349619685042
2018-05-14,0.27443895820269404
2018-05-15,-0.7781384274824887
2018-05-16,0.2527321016009054
2018-05-17,-0.22209697282420393
2018-05-18,0.004491284178165245
2018-05-21,1.1993295353434519
2018-05-22,-0.7177092136705809
2018-05-23,0.21077527622779257
2018-05-24,-0.3020209919457173
2018-05-25,-0.2367404618468072
2018-05-28,
2018-05-29,
2018-05-30,1.249597377288758
2018-05-31,-1.026583665200853
2018-06-01,0.8944618416039773
2018-06-04,0.7218796578445819
2018-06-05,-0.05526702761144975
2018-06-06,1.3871500756678756
2018-06-07,0.37715523454160405
2018-06-08,0.2971642249660178
2018-06-11,0.022828327130319792
2018-06-12,-0.00623975180200631
2018-06-13,-0.47318153927911055
2018-06-14,-0.10278600990574205
2018-06-15,-0.3375261008915942
2018-06-18,-0.41139920977748545
2018-06-19,-1.1562753603415743
2018-06-20,-0.17184651665189676
2018-06-21,-0.7984651385141817
2018-06-22,0.4860682711393949
2018-06-25,-1.3437237146241898
2018-06-26,0.1248972315142538
2018-06-27,-0.6839597165035016
2018-06-28,0.40741866821836226
2018-06-29,0.22834779984428621
2018-07-02,0.14726654876007217
2018-07-03,-0.5460184350644326
2018-07-04,
2018-07-05,
2018-07-06,0.4086603539267486
2018-07-09,1.3004044273840165
2018-07-10,0.5757794411323403
2018-07-11,-0.8835588075010392
2018-07-12,0.9045440506987745
2018-07-13,0.37850210271894724
2018-07-16,0.1794993151237989
2018-07-17,0.22130458326472535
2018-07-18,0.31558569077727583
2018-07-19,-0.536331713564131
2018-07-20,-0.02545756799801069
2018-07-23,-0.05520692657796644
2018-07-24,0.7861039406993342
2018-07-25,0.679724127078174
2018-07-26,0.44353196126447614
2018-07-27,-0.2982065302433057
2018-07-30,-0.5683072648865917
2018-07-31,0.42727069959695996
2018-08-01,-0.32067648109634916
2018-08-02,-0.03024083332991978
2018-08-03,0.5372069796576895
2018-08-06,0.15540152830855192
2018-08-07,0.4957072478083191
2018-08-08,-0.1763626872941515
2018-08-09,-0.2917036854828581
2018-08-10,-0.7716718958951319
2018-08-13,-0.4967848375715178
2018-08-14,0.4445453551111811
2018-08-15,-0.5450019464742439
2018-08-16,1.5627727055543161
2018-08-17,0.43175632020169274
2018-08-20,0.34755414398190965
2018-08-21,0.24660265171707607
2018-08-22,-0.3440541419717391
2018-08-23,-0.2981871649341272
2018-08-24,0.5184731598887993
2018-08-27,1.0003557573373456
2018-08-28,0.055187067517259436
2018-08-29,0.2320431618054286
2018-08-30,-0.5282916306622809
2018-08-31,-0.08507896495117961
2018-09-03,
2018-09-04,
2018-09-05,0.08669785533541585
2018-09-06,0.08035272505946267
2018-09-07,-0.3056304330765869
2018-09-10,-0.229731039249792
2018-09-11,0.43987766412385554
2018-09-12,0.10721575289736052
2018-09-13,0.5640833974716486
2018-09-14,0.033192698064254955
2018-09-17,-0.35448405355609225
2018-09-18,0.7067253690387076
2018-09-19,0.603199536487864
2018-09-20,0.9468861842249154
2018-09-21,0.32404231462876965
2018-09-24,-0.6807947796136915
2018-09-25,-0.2632777852010548
2018-09-26,-0.404444862112463
2018-09-27,0.20690885846725848
2018-09-28,0.0694919178394926
2018-10-01,0.7264266303668165
2018-10-02,0.45944734228786643
2018-10-03,0.20316288015305162
2018-10-04,-0.7516889950951011
2018-10-05,-0.6799144338403451
2018-10-08,0.1501119698328779
2018-10-09,-0.2124445806183317
2018-10-10,-3.1978163261227266
2018-10-11,-2.1556336322552383
2018-10-12,1.1396985058242493
2018-10-15,-0.353584259756623
2018-10-16,2.1465312079872234
2018-10-17,-0.3562369435984536
2018-10-18,-1.2811088861592879
2018-10-19,0.2553529961449641
2018-10-22,-0.500102004147962
2018-10-23,-0.4988444052425933
2018-10-24,-2.4431625342863583
2018-10-25,1.618540185815398
2018-10-26,-1.1927781577805163
2018-10-29,-0.9989248814596507
2018-10-30,1.7508207143036358
2018-10-31,0.9646726966355601
2018-11-01,1.0495081133102602
2018-11-02,-0.4339852545799161
2018-11-05,0.7524596174494746
2018-11-06,0.6783633020983615
2018-11-07,2.1048224217945943
2018-11-08,0.0417020554616343
2018-11-09,-0.7739325245070816
2018-11-12,-2.3440592655948223
2018-11-13,-0.397406118474386
2018-11-14,-0.817960924391592
2018-11-15,0.8289543331027716
2018-11-16,0.488931596546216
2018-11-19,-1.5696329408209309
2018-11-20,-2.2303497439347453
2018-11-21,-0.003883072115584696
2018-11-22,
2018-11-23,
2018-11-26,1.448288504742301
2018-11-27,0.4393295689199661
2018-11-28,2.4652471760012062
2018-11-29,-0.10882499086530828
2018-11-30,0.7847154795804556
2018-12-03,1.1212834959575702
2018-12-04,-3.1440347110446965
2018-12-05,
2018-12-06,
2018-12-07,-2.2650270192535515
2018-12-10,0.14057960354776355
2018-12-11,-0.21732411434989274
2018-12-12,0.6422844019194685
2018-12-13,0.28543734195149995
2018-12-14,-2.0406931102888493
2018-12-17,-2.1283791943277564
2018-12-18,0.3497461286565695
2018-12-19,-1.4978375447531889
2018-12-20,-2.0097135593381665
2018-12-21,-1.8286803562302723
2018-12-24,-2.9532249233630736
2018-12-25,
2018-12-26,
2018-12-27,1.131630705385156
2018-12-28,-0.3308140767439127
2018-12-31,1.1427621662191356
2019-01-01,
2019-01-02,
2019-01-03,-2.867825161058235
2019-01-04,3.2394421549907904
2019-01-07,0.4181461408533593
2019-01-08,1.0824556016629572
2019-01-09,0.3846306248355802
2019-01-10,0.5129390223999053
2019-01-11,-0.024876104005322475
2019-01-14,-0.3594976420988161
2019-01-15,0.6492929700769423
2019-01-16,0.5865437783155514
2019-01-17,0.6708513863523891
2019-01-18,1.3703324578960618
2019-01-21,
2019-01-22,
2019-01-23,0.698817260322393
2019-01-24,-0.0911073513533367
2019-01-25,0.74643624255053
2019-01-28,-0.8483892087712164
2019-01-29,0.21071853668690466
2019-01-30,1.7538571485227195
2019-01-31,-0.06074235014121854
2019-02-01,0.2565540094417784
2019-02-04,0.6976912105651323
2019-02-05,0.6797537530751185
2019-02-06,-0.08354031896544711
2019-02-07,-0.8733075372804322
2019-02-08,-0.25141303715070507
2019-02-11,-0.21220340566383555
2019-02-12,1.4764861805316443
2019-02-13,0.46110435378245995
2019-02-14,-0.40751166674137806
2019-02-15,1.7297281149364352
2019-02-18,
2019-02-19,
2019-02-20,0.24349158421284045
2019-02-21,-0.40077212113871497
2019-02-22,0.6984279709998376
2019-02-25,0.23075858950640793
2019-02-26,-0.1302782373997502
2019-02-27,-0.27984494218848965
2019-02-28,-0.2665067252237918
2019-03-01,0.42477950881778526
2019-03-04,-0.7972503732689873
2019-03-05,-0.05043942843077076
2019-03-06,-0.5173662168974857
2019-03-07,-0.7829676677204134
2019-03-08,-0.09029236052420231
2019-03-11,0.7852705813006011
2019-03-12,-0.3758191525797372
2019-03-13,0.578374944618254
2019-03-14,0.027425061192687394
2019-03-15,0.5389198713102061
2019-03-18,0.25203358512442264
2019-03-19,-0.10316308479900727
2019-03-20,-0.5489133638898025
2019-03-21,0.8387116742831324
2019-03-22,-1.7884145955004982
2019-03-25,0.0568806042092973
2019-03-26,0.5506656277864508
2019-03-27,-0.12534291542696252
2019-03-28,0.35786770769430376
2019-03-29,0.8179553307945397
2019-04-01,1.2637007540645229
2019-04-02,-0.30241710541254463
2019-04-03,0.14886277336660925
2019-04-04,0.6330487451275957
2019-04-05,0.15285096866026748
2019-04-08,-0.3182733387770753
2019-04-09,-0.7256049941663179
2019-04-10,0.02515880072326837
2019-04-11,-0.05395771964344931
2019-04-12,1.0246429933161494
2019-04-15,-0.104286099569606
2019-04-16,0.256977060998409
2019-04-17,-0.011795350679655314
2019-04-18,0.41502383324143466
2019-04-19,
2019-04-22,
2019-04-23,0.5467269517962947
2019-04-24,-0.22285893478386498
2019-04-25,-0.5087542563170899
2019-04-26,0.306572720169207
2019-04-29,0.04165903982293884
2019-04-30,0.14495564871559452
2019-05-01,-0.613961329266921
2019-05-02,-0.46399325686756754
2019-05-03,0.7466414957002954
2019-05-06,-0.25109833240737345
2019-05-07,-1.8067581182613424
2019-05-08,0.008626595877458954
2019-05-09,-0.5366096425005296
2019-05-10,0.4404426373989523
2019-05-13,-2.408588413460322
2019-05-14,0.8142870450761563
2019-05-15,0.4531849936093124
2019-05-16,0.8334627276651574
2019-05-17,-0.38228342467991894
2019-05-20,-0.3269583951462707
2019-05-21,0.7658711107424665
2019-05-22,-0.38998042608078265
2019-05-23,-1.1162834758389195
2019-05-24,0.3728553999096107
2019-05-27,
2019-05-28,
2019-05-29,-0.8771273518338063
2019-05-30,0.17285573478176275
2019-05-31,-1.419812058903247
2019-06-03,0.019099495130170396
2019-06-04,2.043460834840083
2019-06-05,0.8153489861422614
2019-06-06,0.7065545876912438
2019-06-07,1.0184094858887605
2019-06-10,0.30257511466906806
2019-06-11,-0.0543837143203163
2019-06-12,-0.167827886750338
2019-06-13,0.39123776675591415
2019-06-14,-0.0657516885969045
2019-06-17,0.08781249762090937
2019-06-18,1.3428233652279076
2019-06-19,0.14521555882325288
2019-06-20,0.9357305996193332
2019-06-21,-0.12731827356677883
2019-06-24,0.03147062321904315
2019-06-25,-0.6731792364368161
2019-06-26,-0.042949954168669535
2019-06-27,-0.03859534114720731
2019-06-28,0.2762462854340342
2019-07-01,0.4406449380743638
2019-07-02,0.25885876307114586
2019-07-03,0.6672064173303127
2019-07-04,
2019-07-05,
2019-07-08,-0.4317287779116441
2019-07-09,-0.08453128468595139
2019-07-10,0.2859984176611263
2019-07-11,0.8448141639936679
2019-07-12,0.8965495808757495
2019-07-15,0.09921159962082982
2019-07-16,-0.08604110721179836
2019-07-17,-0.42444929023321976
2019-07-18,0.011461566478132568
2019-07-19,-0.25293716706578095
2019-07-22,0.06516205148656695
2019-07-23,0.6503561278480063
2019-07-24,-0.290081559479205
2019-07-25,-0.4741333927963609
2019-07-26,0.18945984229592483
2019-07-29,0.10622306369860723
2019-07-30,-0.08574153441784915
2019-07-31,-1.2347025624634966
2019-08-01,-1.0509437730432225
2019-08-02,-0.37088006109886607
2019-08-05,-2.939788642231278
2019-08-06,1.2050252428897679
2019-08-07,-0.08628544411877215
2019-08-08,1.4169108215899229
2019-08-09,-0.3446273777349518
2019-08-12,-1.456377436090328
2019-08-13,1.4277284741337937
2019-08-14,-3.093370145946217
2019-08-15,0.391588161753198
2019-08-16,1.191571921829393
2019-08-19,0.960297104271568
2019-08-20,-0.6654761198047865
2019-08-21,0.9212725638008123
2019-08-22,0.18877149182348063
2019-08-23,-2.403069773026445
2019-08-26,1.047717293993422
2019-08-27,-0.46802582417946326
2019-08-28,0.9966500840370429
2019-08-29,1.244902605401954
2019-08-30,0.15551822665127446
2019-09-02,
2019-09-03,
2019-09-04,0.9050346023007805
2019-09-05,1.4041473554547323
2019-09-06,0.2589789774972928
2019-09-09,0.14189035730733934
2019-09-10,0.27507723187021327
2019-09-11,0.8422801549144765
2019-09-12,0.16719601225432257
2019-09-13,0.13628185059264553
2019-09-16,-0.5256351664126413
2019-09-17,0.12541611701717414
2019-09-18,0.13373174700888057
2019-09-19,-0.19280314708236546
2019-09-20,-0.5912303502368488
2019-09-23,0.05537713192236282
2019-09-24,-0.5291155427718408
2019-09-25,0.6059691482326102
2019-09-26,-0.29553417672048
2019-09-27,-0.263892137279953
2019-09-30,0.35945423156729106
2019-10-01,-1.2854573547365078
2019-10-02,-1.8781346432312773
2019-10-03,0.4683283087704382
2019-10-04,1.4123652863142766
2019-10-07,-0.3607802639630009
2019-10-08,-1.1929005943217774
2019-10-09,0.6930891455802168
2019-10-10,0.5702224347066576
2019-10-11,1.200166112872303
2019-10-14,-0.10905913798211486
2019-10-15,0.8824828475054503
2019-10-16,-0.08447662939428113
2019-10-17,0.0884728788406619
2019-10-18,-0.9505596883276013
2019-10-21,0.21433707772597899
2019-10-22,-0.14749402756759622
2019-10-23,0.17101178031815323
2019-10-24,-0.10596673442542226
2019-10-25,0.567411548345298
2019-10-28,0.4908908818903157
2019-10-29,-0.07126749724761794
2019-10-30,0.4248956457205466
2019-10-31,-0.5179891256451796
2019-11-01,1.1072373655601098
2019-11-04,0.41872387256791654
2019-11-05,0.1110732327648023
2019-11-06,-0.00025461401520487925
2019-11-07,0.660682921569844
2019-11-08,0.02326756042894118
2019-11-11,0.037021834094375095
2019-11-12,0.0
2019-11-13,0.3320412863503819
2019-11-14,-0.005866944538368557
2019-11-15,0.7992248591051521
2019-11-18,0.11181078770192698
2019-11-19,-0.3651944804389018
2019-11-20,-0.4050934683203167
2019-11-21,-0.1971671186980828
2019-11-22,0.3929776698891274
2019-11-25,0.682315374433351
2019-11-26,0.19651836826160007
2019-11-27,0.15037575445404627
2019-11-28,
2019-11-29,
2019-12-02,-0.9613135500487147
2019-12-03,-1.013758131403364
2019-12-04,0.5329590065827006
2019-12-05,0.10125151852111713
2019-12-06,1.2111936203213602
2019-12-09,-0.37715070599482203
2019-12-10,-0.0999438705544975
2019-12-11,0.10603477915882564
2019-12-12,0.7877871028762584
2019-12-13,0.011836332329018262
2019-12-16,0.35660046867960205
2019-12-17,0.11068430179399513
2019-12-18,-0.09867902583273747
2019-12-19,0.4863631756563791
2019-12-20,0.2749506632982346
2019-12-23,0.33834699199051244
2019-12-24,-0.126447920697359
2019-12-25,
2019-12-26,
2019-12-27,0.08336440627267905
2019-12-30,-0.6413201358506981
2019-12-31,0.2677167340108255
2020-01-01,
2020-01-02,
2020-01-03,-0.8135872010603507
2020-01-06,0.23893307047799794
2020-01-07,-0.4178960281796762
2020-01-08,0.5631044465376434
2020-01-09,0.734154753932792
2020-01-10,-0.46081236365846934
2020-01-13,0.2885116053013448
2020-01-14,0.11278082303576298
2020-01-15,0.31240381392620975
2020-01-16,0.9169610328898514
2020-01-17,0.17208415292309098
2020-01-20,
2020-01-21,
2020-01-22,-0.03346904256158467
2020-01-23,-0.08973996580756705
2020-01-24,-0.5859364221652896
2020-01-27,-1.5782189992542328
2020-01-28,0.6533533898691601
2020-01-29,0.04037781154924147
2020-01-30,0.43403977826237394
2020-01-31,-2.1130262995669113
2020-02-03,0.5075568861546031
2020-02-04,1.4257827605616669
2020-02-05,1.663489795240558
2020-02-06,0.30311616983986767
2020-02-07,-0.9481917507066839
2020-02-10,0.5971651884323137
2020-02-11,-0.0016395357654630516
2020-02-12,0.9352115563100227
2020-02-13,-0.4344579500752843
2020-02-14,-0.08578512526575821
2020-02-17,
2020-02-18,
2020-02-19,0.39549237265354975
2020-02-20,-0.4372701207767449
2020-02-21,-0.7818650266820271
2020-02-24,-3.623054233322698
2020-02-25,-3.195786091083086
2020-02-26,-0.4580777991709084
2020-02-27,-4.5184258361153695
2020-02-28,-1.3963021915284202
2020-03-02,4.9670292164748275
2020-03-03,-2.987295859339767
2020-03-04,4.428145797290739
2020-03-05,-3.6446093823130354
2020-03-06,-0.9868110085108128
2020-03-09,-8.105521400116444
2020-03-10,4.7774977451961576
2020-03-11,-6.03394196907967
2020-03-12,-10.523211494326823
2020-03-13,8.950183238017573
2020-03-16,-13.84181328912728
2020-03-17,5.0648710577256395
2020-03-18,-6.509737769859036
2020-03-19,0.9416839560742574
2020-03-20,-4.652814688657081
2020-03-23,-3.0826535972918734
2020-03-24,10.764325460977098
2020-03-25,2.365625452572573
2020-03-26,6.180416717982062
2020-03-27,-4.143664753206444
2020-03-30,3.1423562433724683
2020-03-31,-1.854831517701605
2020-04-01,-4.544107847019774
2020-04-02,2.2189949106104834
2020-04-03,-1.6998019348140048
2020-04-06,7.446229501244694
2020-04-07,-0.1152781106997125
2020-04-08,3.383935283541639
2020-04-09,1.2122404240946238
2020-04-10,
2020-04-13,
2020-04-14,2.3616802824349747
2020-04-15,-1.8772792526869253
2020-04-16,0.14170309222265587
2020-04-17,2.9504337372522116
2020-04-20,-2.472515928172747
2020-04-21,-2.7066970650833966
2020-04-22,1.9656206496478035
2020-04-23,0.16786168464744122
2020-04-24,1.0996392725687087
2020-04-27,1.4966554005731325
2020-04-28,-0.13363650584139464
2020-04-29,2.1845765519900695
2020-04-30,-1.176585524235918
2020-05-01,-2.5881937104033526
2020-05-04,0.10982982117617723
2020-05-05,0.5598251971825619
2020-05-06,-0.9188726234652833
2020-05-07,0.8887212255309862
2020-05-08,1.8895246172217384
2020-05-11,-0.4503511080184097
2020-05-12,-1.9056245538997985
2020-05-13,-2.1986836318442116
2020-05-14,1.6102048417131698
2020-05-15,0.2539804150092806
2020-05-18,3.7779857693134744
2020-05-19,-1.600346258718055
2020-05-20,1.5130223879879168
2020-05-21,-0.41500552325715034
2020-05-22,-0.03661680392568201
2020-05-25,
2020-05-26,
2020-05-27,2.188939824941727
2020-05-28,-0.5795233427994262
2020-05-29,-0.06903783472580471
2020-06-01,0.3614371981704778
2020-06-02,1.0450785279781272
2020-06-03,2.027426693112666
2020-06-04,0.045402900133773016
2020-06-05,3.1061366475572783
2020-06-08,1.6877911234843168
2020-06-09,-1.0945188046116883
2020-06-10,-1.040547854619156
2020-06-11,-7.147652894743928
2020-06-12,1.8819206748252881
2020-06-15,0.6136830197094767
2020-06-16,2.024231347581207
2020-06-17,-0.6501504786498913
2020-06-18,-0.1513801802541792
2020-06-19,-0.803214077515868
2020-06-22,0.5915646884410819
2020-06-23,0.5026355390098658
2020-06-24,-2.752623112299979
2020-06-25,1.1707536939468355
2020-06-26,-2.8766107216370074
2020-06-29,2.293064401941436
2020-06-30,0.8445316636734645
2020-07-01,-0.3022824786096834
2020-07-02,0.3583627771501341
2020-07-03,
2020-07-06,
2020-07-07,-1.5211915418234412
2020-07-08,0.6817141787520242
2020-07-09,-1.3952959208154425
2020-07-10,1.4260577283948805
2020-07-13,0.04025988770095523
2020-07-14,2.1119958197724387
2020-07-15,0.8503081074465513
2020-07-16,-0.5051423105276953
2020-07-17,-0.23502697562189923
2020-07-20,0.033437782981771136
2020-07-21,0.5961385910664418
2020-07-22,0.6144923789866752
2020-07-23,-1.317656247832133
2020-07-24,-0.6868715851160445
2020-07-27,0.43306348412013307
2020-07-28,-0.7759641911071924
2020-07-29,0.6057973300899633
2020-07-30,-0.8549010862774153
2020-07-31,0.43483465135167876
2020-08-03,0.8893179928822548
2020-08-04,0.6134294700958165
2020-08-05,1.3809216999506546
2020-08-06,0.6794863883767377
2020-08-07,0.16964473173697314
2020-08-10,1.2963894317710611
2020-08-11,-0.3768321289149057
2020-08-12,1.041728672342579
2020-08-13,-0.2867905854389008
2020-08-14,0.12287799690913204
2020-08-17,-0.308771430307786
2020-08-18,-0.24033243875880572
2020-08-19,-0.30715200289588296
2020-08-20,0.1690341160381692
2020-08-21,0.6847513537588057
2020-08-24,1.3447504765180085
2020-08-25,-0.2122465076119795
2020-08-26,0.2950849396336608
2020-08-27,0.5643738190343583
2020-08-28,0.5655690157052362
2020-08-31,-0.7841828205542356
2020-09-01,0.7555263898430198
2020-09-02,1.575340789503521
2020-09-03,-2.8150474972596484
2020-09-04,-0.5650597638251043
2020-09-07,
2020-09-08,
2020-09-09,1.5857807663049783
2020-09-10,-1.4633506164100751
2020-09-11,0.4748540722070871
2020-09-14,1.1775057505742481
2020-09-15,0.008108745786827853
2020-09-16,0.13129156283451238
2020-09-17,-0.46626165470087244
2020-09-18,-0.880360765305177
2020-09-21,-1.8601718155451863
2020-09-22,0.5161313157996616
2020-09-23,-1.9428447360246182
2020-09-24,0.1952646986314477
2020-09-25,1.3281320779032768
2020-09-28,1.4978907847172707
2020-09-29,-0.47750029313906595
2020-09-30,1.1914463836705025
2020-10-01,0.1266219102747712
2020-10-02,-0.4832106723021923
2020-10-05,1.66873978696227
2020-10-06,-1.3443356598937584
2020-10-07,1.8928374451308017
2020-10-08,0.43029227681863347
2020-10-09,0.5661589506352982
2020-10-12,0.8728746106523744
2020-10-13,-0.5483926157214825
2020-10-14,-0.5798196152044355
2020-10-15,-0.06946369398139751
2020-10-16,0.39267650694014833
2020-10-19,-1.4467769454958201
2020-10-20,0.4012803723094649
2020-10-21,-0.3466764831559388
2020-10-22,0.5403156046163815
2020-10-23,-0.09908424611104749
2020-10-26,-2.3213429857934287
2020-10-27,-0.8057913459268207
2020-10-28,-3.4949282619432864
2020-10-29,0.5233650901137921
2020-10-30,-0.5925822319461815
2020-11-02,1.5851971522913288
2020-11-03,2.040247900566783
2020-11-04,1.3289382242691161
2020-11-05,1.929436942613627
2020-11-06,-0.235499260894656
2020-11-09,2.903997068845854
2020-11-10,0.8977697123459194
2020-11-11,-0.0791927078010346
2020-11-12,-1.085756025993767
2020-11-13,1.3649123662418106
2020-11-16,1.5838393352586522
2020-11-17,-0.5594503071202794
2020-11-18,-1.164888859205071
2020-11-19,0.1521003184357994
2020-11-20,-0.7481304908759867
2020-11-23,1.1139063178649877
2020-11-24,1.5258142963984866
2020-11-25,-0.5800207887315167
2020-11-26,
2020-11-27,
2020-11-30,-0.9126327575446069
2020-12-01,0.6231840661584442
2020-12-02,0.20054368209834195
2020-12-03,0.2864672267165247
2020-12-04,0.8265512239562511
2020-12-07,-0.4925364152498446
2020-12-08,0.34556362048281386
2020-12-09,-0.3488227585407344
2020-12-10,-0.2315707199521455
2020-12-11,0.15691403243227597
2020-12-14,-0.6170155343522055
2020-12-15,1.1247376765631145
2020-12-16,-0.14835841694171847
2020-12-17,0.49234351845495183
2020-12-18,-0.4110952408426627
2020-12-21,0.12385030269026487
2020-12-22,-0.6672230007600533
2020-12-23,0.38014628455318444
2020-12-24,0.23219088265644672
2020-12-25,
2020-12-28,
2020-12-29,-0.224894414214738
2020-12-30,0.2432784811015054
2020-12-31,0.645471858533675
2021-01-01,
2021-01-04,
2021-01-05,0.5533583179724744
2021-01-06,1.4302525704806612
2021-01-07,0.6844319146292577
2021-01-08,0.18294444513351493
2021-01-11,-0.2875055960137374
2021-01-12,0.1933071875257042
2021-01-13,-0.026461004938660437
2021-01-14,-0.22223309317634943
2021-01-15,-0.573604882976575
2021-01-18,
2021-01-19,
2021-01-20,0.8302190834388767
2021-01-21,-0.03967007506116005
2021-01-22,-0.5759108411181657
2021-01-25,-0.11937316632071315
2021-01-26,-0.07418771900251642
2021-01-27,-2.0701844026470795
2021-01-28,0.985747934686465
2021-01-29,-2.049192640146913
2021-02-01,0.7618337047576418
2021-02-02,1.5618536325364474
2021-02-03,0.11763350901858871
2021-02-04,1.0756429517366328
2021-02-05,0.29702244037448366
2021-02-08,0.7596544031160946
2021-02-09,-0.03164355805154173
2021-02-10,0.19731392726551888
2021-02-11,-0.022586828157677985
2021-02-12,0.08809158277447438
2021-02-15,
2021-02-16,
2021-02-17,0.28595536733551086
2021-02-18,-0.37929661442124285
2021-02-19,0.003111720613446778
2021-02-22,0.08686681914991112
2021-02-23,0.04966774096768489
2021-02-24,1.3370759238537033
2021-02-25,-1.767141334750022
2021-02-26,-1.5068695206597482
2021-03-01,1.9311004093843565
2021-03-02,-0.4576419745406568
2021-03-03,-0.3875743122586428
2021-03-04,-1.1124940947564
2021-03-05,1.8332969939100607
2021-03-08,0.9672937787193803
2021-03-09,0.09523034990976953
2021-03-10,1.4479646009055713
2021-03-11,0.5821640485812907
2021-03-12,0.8980477346089089
2021-03-15,0.5319179280485642
2021-03-16,-0.387690189711698
2021-03-17,0.5753849485103046
2021-03-18,-0.4647106537609247
2021-03-19,-0.7156208091005922
2021-03-22,0.3158855470131172
2021-03-23,-0.9456077619248049
2021-03-24,-0.009530681785641093
2021-03-25,0.61322889101465
2021-03-26,1.3803955271521673
2021-03-29,0.29735432907873616
2021-03-30,-0.31525579366000755
2021-03-31,-0.2586282343322921
2021-04-01,0.5191230315297446
2021-04-02,
2021-04-05,
2021-04-06,-0.2895871832370389
2021-04-07,0.04790920669126564
2021-04-08,0.17120286637961613
2021-04-09,0.8826553493385347
2021-04-12,-0.16344420776501778
2021-04-13,-0.20209826513539753
2021-04-14,0.15909056502732
2021-04-15,0.9004459448732405
2021-04-16,0.482674033923125
2021-04-19,-0.3604077230521696
2021-04-20,-0.7550375764122208
2021-04-21,0.930013953219877
2021-04-22,-0.945981497741144
2021-04-23,0.6707718809096264
2021-04-26,-0.18205060635452242
2021-04-27,0.009887223860971517
2021-04-28,-0.48536117018773695
2021-04-29,0.7070665399405485
2021-04-30,-0.5461393615991739
2021-05-03,0.7012434439843673
2021-05-04,0.05802515934352215
2021-05-05,0.28468481211820773
2021-05-06,0.9252616975000905
2021-05-07,0.6613099746450857
2021-05-10,-0.10051700645146155
2021-05-11,-1.3727107605383537
2021-05-12,-2.008708674456905
2021-05-13,1.2832470439263943
2021-05-14,1.0545744613885688
2021-05-17,-0.15817224450032086
2021-05-18,-0.7812177599577197
2021-05-19,-0.4844859211988961
2021-05-20,0.5534273444132154
2021-05-21,0.3622390715282364
2021-05-24,0.5426691501844161
2021-05-25,-0.23729955519158352
2021-05-26,0.03085866218235367
2021-05-27,0.4116730768718213
2021-05-28,0.18787121929584316
2021-05-31,
2021-06-01,
2021-06-02,0.07248211357939738
2021-06-03,-0.06747866828700211
2021-06-04,0.517356201867436
2021-06-07,-0.36361512006575225
2021-06-08,-0.08788090594684661
2021-06-09,-0.44225045925223583
2021-06-10,0.05543190738599435
2021-06-11,0.03875505807808821
2021-06-14,-0.24929829741946463
2021-06-15,-0.2749041372515748
2021-06-16,-0.7775491737346485
2021-06-17,-0.6195979803777618
2021-06-18,-1.5894894204183885
2021-06-21,1.7475977782371643
2021-06-22,0.20232215805560116
2021-06-23,-0.21038105472026558
2021-06-24,0.9477813765450094
2021-06-25,0.690714448395191
2021-06-28,-0.43823216945959587
2021-06-29,0.026306748503479582
2021-06-30,0.6111527450412879
2021-07-01,0.3790212943917126
2021-07-02,0.4402780496342018
2021-07-05,
2021-07-06,
2021-07-07,0.30153435045452426
2021-07-08,-0.7520904081349755
2021-07-09,1.2937587885950563
2021-07-12,0.3607463527258048
2021-07-13,-0.30733385026433524
2021-07-14,0.12729510260776067
2021-07-15,0.15386103628483028
2021-07-16,-0.8587654016199764
2021-07-19,-2.1146051235485075
2021-07-20,1.6063369582116849
2021-07-21,0.8253113972052972
2021-07-22,0.07282249229678683
2021-07-23,0.6816949654208315
2021-07-26,0.23576390442290318
2021-07-27,-0.24440622323940175
2021-07-28,-0.3645982111297741
2021-07-29,0.43876094340937755
2021-07-30,-0.4257647105809781
2021-08-02,-0.27893077396505817
2021-08-03,0.7954920087216877
2021-08-04,-0.9261525407641358
2021-08-05,0.7775360500403394
2021-08-06,0.4105721837269982
2021-08-09,-0.3033979112533558
2021-08-10,0.4627777260653332
2021-08-11,0.6227613652704633
2021-08-12,0.04192445713862014
2021-08-13,0.0437370976552387
2021-08-16,0.3093024499072783
2021-08-17,-0.7950591334381585
2021-08-18,-1.0883987826902697
2021-08-19,-0.19059537962284878
2021-08-20,0.645471303020706
2021-08-23,0.612102066411957
2021-08-24,0.08641909667108649
2021-08-25,0.11089170036484575
2021-08-26,-0.5448434871903274
2021-08-27,0.6868109883459539
2021-08-30,-0.15795499591817475
2021-08-31,-0.1105418002781633
2021-09-01,-0.13640238889003342
2021-09-02,0.37110492747540746
2021-09-03,-0.21106328702522603
2021-09-06,
2021-09-07,
2021-09-08,-0.19657484819894933
2021-09-09,-0.43395583363903256
2021-09-10,-0.7819045090354138
2021-09-13,0.7539471227914873
2021-09-14,-0.8411043838467691
2021-09-15,0.6825601105081347
2021-09-16,-0.18132501567382775
2021-09-17,-0.48009645666517997
2021-09-20,-1.7924974520029835
2021-09-21,-0.1491523882750201
2021-09-22,0.9929360984603619
2021-09-23,1.467650100035911
2021-09-24,0.09539579481163685
2021-09-27,0.20488795534294724
2021-09-28,-1.6463730791290487
2021-09-29,0.2641697917047381
2021-09-30,-1.6027393271036416
