,Austria,Austrlia,Belgium,Canada,Denmark,Finland,France,Germany,HongKong,Ireland,Italy,Japan,Nethrlnd,NewZland,Norway,Singapor,Spain,Sweden,Swtzrlnd,UK
1987-01,-3.48,0.87,7.58,13.8,,,12.66,-4.14,0.54,,3.33,18.09,5.3,,9.6,11.32,16.28,-6.75,3.35,12.86
1987-02,-0.47,10.92,3.16,4.56,,,1.1,-5.81,12.76,,-4.12,0.43,-1.04,,4.62,13.18,1.06,14.21,-5.06,10.53
1987-03,-1.63,11.88,4.62,10.26,,,6.65,5.35,-4.53,,4.83,11.2,10.0,,8.18,-2.47,-7.87,5.94,3.85,5.8
1987-04,-0.5,4.12,8.39,-3.08,,,1.32,1.64,-1.82,,9.05,16.89,0.27,,9.34,8.31,-0.42,9.07,0.28,6.56
1987-05,-7.1,3.62,-4.63,0.37,,,-5.58,-3.16,10.85,,-11.85,-1.34,2.38,,0.79,9.51,2.18,-6.22,-4.32,4.79
1987-06,0.62,1.2,4.48,3.18,,,-6.28,6.22,9.05,,-1.29,-7.78,7.54,,3.31,1.69,6.98,2.16,4.82,3.79
1987-07,15.23,11.48,8.06,8.15,,,2.9,5.1,9.95,,-1.47,-3.05,4.06,,12.58,10.8,19.37,6.73,7.04,2.99
1987-08,-0.31,8.7,3.85,-0.28,,,5.63,3.8,4.47,,-6.61,11.96,0.13,,10.74,0.67,11.98,4.61,3.08,-2.23
1987-09,4.96,5.63,-4.66,-1.54,,,-6.14,-3.51,10.59,,1.97,-3.6,-2.71,,2.98,-1.8,1.17,3.91,2.2,5.81
1987-10,-9.99,-45.21,-19.2,-21.51,,,-19.29,-17.35,-43.22,,-12.28,-8.26,-18.38,,-27.15,-39.19,-22.55,-17.4,-19.13,-22.43
1987-11,1.8,8.64,0.14,-2.62,,,-0.38,-7.56,-3.11,,3.0,3.85,-7.23,,-17.5,0.65,7.12,-11.33,-3.84,-2.96
1987-12,6.54,4.97,10.53,7.54,,,0.4,2.65,8.51,,-3.89,1.58,8.92,,1.62,6.21,10.21,6.41,2.84,11.94
1988-01,-14.22,-6.16,-4.04,-0.39,,-3.91,-15.88,-12.48,2.94,,-10.21,4.79,-2.77,-5.97,-0.97,7.94,0.29,8.75,-7.08,-0.63
1988-02,0.81,1.52,23.33,6.17,,2.89,20.51,15.41,1.43,,7.32,7.69,5.27,-12.71,7.78,-2.37,4.56,2.68,6.47,-0.36
1988-03,4.33,17.81,2.8,5.03,,8.3,-5.65,1.4,6.3,,3.88,6.82,5.09,21.55,13.07,5.34,6.71,6.64,-1.2,5.27
1988-04,1.65,5.94,-4.9,1.3,,3.95,8.23,-2.47,3.0,,-2.47,0.91,2.07,2.16,2.56,5.49,-0.74,3.7,-1.19,3.39
1988-05,-5.08,16.05,-4.95,-3.25,,5.88,6.87,-0.87,-3.35,,-11.03,-4.07,-5.33,3.25,-6.39,2.05,0.32,3.0,-3.85,-2.45
1988-06,-1.82,-1.99,-0.15,7.69,,-0.47,1.31,-0.37,7.76,,5.72,-3.28,1.85,-3.45,1.42,9.13,-1.39,-5.83,1.73,-2.57
1988-07,2.26,5.08,-3.73,-1.22,,0.54,-3.52,-0.67,1.38,,2.59,3.94,1.5,4.18,-1.56,2.71,-3.21,2.33,-2.46,0.36
1988-08,2.9,-1.93,-2.07,-4.27,,-4.84,-2.35,0.08,-8.2,,-2.95,-7.91,-3.56,-9.11,-10.47,-8.77,-1.12,-4.79,-1.26,-6.42
1988-09,2.08,-3.37,10.04,2.07,,-4.62,9.93,7.05,0.25,,6.69,3.09,2.7,-3.01,4.4,-0.06,0.36,6.68,3.52,4.62
1988-10,11.31,7.29,6.95,2.93,,8.47,9.43,8.8,7.61,,12.22,5.89,7.04,4.38,5.31,4.21,7.31,7.68,8.81,6.94
1988-11,3.65,-0.81,4.21,-0.2,,7.75,3.21,0.28,1.88,,2.91,9.66,0.44,-3.53,7.63,0.16,3.08,3.87,2.52,1.75
1988-12,-2.91,-1.11,2.09,3.13,,-3.87,4.33,2.16,1.64,,-0.42,0.36,2.59,-3.9,11.82,3.94,-1.77,5.75,-0.77,-2.09
1989-01,-1.2,8.94,-1.58,8.28,-2.65,-1.8,1.33,-4.21,14.71,,-3.1,-0.59,0.72,4.27,12.32,9.9,1.65,3.19,-3.81,11.15
1989-02,6.24,-13.86,-1.22,-2.57,-1.17,3.61,-0.95,0.64,-1.28,,-1.92,1.82,0.4,-0.52,3.22,-0.43,-1.56,3.24,2.07,-1.76
1989-03,7.3,0.87,-0.93,1.36,0.94,5.77,0.96,-1.61,1.04,,1.67,-3.92,3.23,-1.14,8.45,4.09,0.59,2.56,-1.26,0.63
1989-04,9.35,0.74,3.55,2.0,6.23,3.68,4.6,4.82,3.78,,1.3,0.13,4.59,3.69,7.99,6.33,8.39,1.57,2.84,2.21
1989-05,-5.63,-2.56,-2.86,0.8,-3.72,3.01,-1.88,-2.96,-11.76,,-4.81,-5.05,-4.58,-8.31,-4.85,2.08,-1.51,-0.51,-5.56,-6.0
1989-06,12.31,0.67,0.19,2.46,12.28,-10.77,1.37,6.03,-17.11,,8.12,-4.42,3.58,2.49,-0.21,0.91,2.84,4.72,13.03,-0.04
1989-07,8.41,9.22,5.78,7.27,9.34,4.83,10.43,9.8,13.58,,11.16,13.1,9.31,5.0,4.85,6.32,3.05,11.83,11.71,14.37
1989-08,13.62,8.45,-1.6,1.45,-11.33,-7.1,-1.13,-1.38,-2.36,,2.5,-7.23,-2.39,27.28,-0.12,-3.05,0.61,-1.75,-1.53,-2.4
1989-09,14.08,0.27,9.28,-1.42,3.06,-5.43,7.34,5.59,10.44,,-0.31,7.26,4.43,-5.5,3.97,1.7,4.32,-1.88,1.83,0.37
1989-10,-6.28,-3.78,-4.71,-0.05,6.36,-3.32,-5.01,-5.15,-1.09,,-7.56,-3.48,-3.19,-7.54,-11.85,-3.68,-2.75,-6.02,-5.25,-8.96
1989-11,-1.56,-1.48,7.98,1.01,7.06,-5.73,6.54,9.97,1.07,,5.41,5.15,6.08,-0.57,7.58,5.32,2.58,-0.89,4.6,5.76
1989-12,23.09,4.59,5.4,1.87,7.64,6.53,10.95,18.38,3.15,,6.82,0.8,8.82,-2.92,12.64,8.05,0.34,10.97,3.13,9.34
1990-01,20.02,0.24,-3.4,-8.92,2.76,12.35,-5.71,3.14,-2.56,,-0.15,-5.87,-3.68,-3.17,10.36,3.93,-3.5,0.42,-0.01,1.11
1990-02,16.81,-6.87,-9.42,0.0,-0.69,-2.07,-2.71,-1.51,7.67,,-4.49,-10.02,-3.89,-7.77,6.84,1.98,-2.91,-5.56,-0.14,-3.05
1990-03,2.45,-1.91,10.45,1.0,5.34,-5.45,7.06,10.38,2.36,,5.43,-18.58,6.41,-4.76,1.57,-2.0,-2.92,-2.71,-1.92,-1.78
1990-04,-12.35,-6.42,-0.1,-7.34,-6.68,-8.21,5.51,-6.51,-0.77,,2.43,-0.17,-1.96,-1.68,-6.39,-8.1,7.81,1.34,-0.93,-6.27
1990-05,-2.49,8.89,3.05,6.9,4.78,2.26,1.26,0.75,6.6,,7.18,14.82,3.48,10.15,9.55,12.08,6.24,12.39,14.83,14.28
1990-06,9.97,4.14,1.12,-0.3,1.14,-3.12,-0.63,4.58,5.11,,3.15,-4.5,1.87,-0.45,-2.17,0.54,7.01,6.33,3.01,5.76
1990-07,14.29,5.77,6.29,2.04,8.03,4.38,1.68,8.24,5.91,,1.92,-0.53,5.26,4.92,13.1,6.27,5.78,5.01,2.61,4.93
1990-08,-15.44,-1.92,-10.55,-5.34,-8.24,-6.88,-13.22,-14.31,-10.34,,-15.12,-10.44,-8.51,-4.98,-4.74,-14.83,-14.74,-12.86,-11.08,-6.28
1990-09,-22.78,-5.37,-9.83,-4.73,-7.58,-16.55,-10.61,-16.68,-10.31,,-10.85,-16.53,-5.2,-10.69,-7.9,-15.61,-16.79,-22.15,-10.9,-8.54
1990-10,13.33,-9.2,8.54,-3.17,8.73,-0.12,10.59,12.92,8.38,,3.91,25.92,5.62,-9.64,-5.59,8.17,14.19,4.29,5.54,7.58
1990-11,0.35,-0.32,-2.42,2.73,-3.29,2.07,-0.63,1.79,-0.94,,-8.45,-12.2,0.75,-6.22,-2.01,-4.09,-1.4,-6.85,-2.27,4.88
1990-12,-0.71,-2.78,-0.48,4.01,-3.02,-3.71,-4.39,-2.8,2.35,,3.06,3.73,0.08,-9.23,-7.03,5.76,-1.42,3.34,0.98,-0.26
1991-01,-2.23,5.0,1.98,0.21,3.47,-1.98,4.75,1.93,7.58,-0.37,-2.33,2.98,1.06,7.13,-7.07,4.24,7.12,14.76,5.15,3.36
1991-02,13.14,6.97,10.85,6.92,8.84,9.43,8.41,5.78,9.99,17.52,13.27,11.68,5.88,8.5,10.34,13.27,10.75,9.7,5.0,8.15
1991-03,-9.11,1.56,-6.23,0.17,-9.22,6.23,-6.4,-12.07,5.25,-3.7,-7.8,-5.23,-3.21,-5.44,-6.06,1.06,-2.82,-4.34,-4.06,-4.97
1991-04,2.8,8.03,-1.41,0.67,-1.28,-3.54,-1.75,4.5,-3.43,-5.97,-1.35,2.58,2.83,9.46,-3.55,1.87,-2.5,-4.47,1.24,0.46
1991-05,-2.98,-4.09,-3.07,3.68,1.38,-4.57,0.51,2.96,4.06,0.26,4.21,-1.34,-1.1,3.01,6.72,0.56,1.88,5.16,1.49,-1.32
1991-06,-9.73,1.0,-4.5,-2.0,0.04,-12.02,-8.19,-8.32,-0.7,-7.05,-7.92,-7.32,-5.4,-5.38,-8.5,-3.43,-7.86,-1.7,-8.47,-7.19
1991-07,-0.53,6.45,2.76,1.44,7.05,7.85,3.63,3.48,9.86,9.96,1.55,3.06,6.09,0.95,6.83,0.9,2.25,3.62,5.83,11.82
1991-08,-0.79,-1.25,-0.62,0.59,-0.41,-4.94,6.0,1.21,-0.03,0.31,-3.5,-5.54,-0.48,-6.33,2.65,-3.82,2.74,-1.02,0.04,2.46
1991-09,1.6,3.51,0.98,-2.52,3.77,-8.37,6.0,2.16,-0.66,5.61,1.32,8.31,2.39,0.19,-2.33,-1.88,5.26,-1.56,0.95,4.07
1991-10,-16.18,6.51,2.22,4.62,-0.37,-1.05,-0.88,-1.96,1.98,-1.74,-4.91,4.74,1.0,7.54,-5.7,3.07,-2.18,-2.97,-0.8,-2.25
1991-11,8.98,-4.9,0.81,-2.84,-1.41,-5.82,-1.66,1.84,3.41,-3.33,4.17,-7.06,1.15,-0.45,-15.36,2.71,-3.88,-3.61,-0.54,-3.84
1991-12,-1.43,0.11,10.09,0.09,5.62,-1.76,8.47,7.05,3.62,9.66,4.82,3.09,7.37,-4.6,12.43,6.09,7.85,4.76,7.74,8.62
1992-01,3.01,-3.25,0.95,1.05,-1.63,9.3,0.58,0.55,7.28,-0.23,2.28,-5.71,-0.54,-2.79,1.68,3.13,-0.14,0.34,0.24,-0.87
1992-02,5.85,0.15,0.19,-0.9,-5.9,-0.77,4.26,2.55,7.51,-3.66,-1.75,-7.6,0.65,3.8,-10.02,-1.25,3.55,-3.19,0.38,-1.48
1992-03,-4.81,0.67,-2.18,-5.13,-6.23,-8.97,-0.29,-1.58,0.85,-3.03,-6.54,-11.03,-0.92,-5.4,7.21,-3.76,-3.89,5.76,-1.46,-5.33
1992-04,-3.85,3.65,1.63,-1.13,0.25,0.2,4.52,-0.18,8.69,4.68,0.37,-6.88,4.76,1.55,5.64,2.15,-2.1,-1.12,1.79,12.49
1992-05,2.92,1.55,4.08,0.18,11.37,4.63,3.92,5.72,14.02,-1.44,1.97,8.25,4.28,7.37,5.67,3.26,9.64,3.74,6.41,5.5
1992-06,1.8,-3.21,1.55,0.05,-4.4,-5.06,-1.46,1.85,0.92,1.27,-3.95,-9.0,1.16,-1.67,-7.19,-1.06,-4.94,-3.56,3.42,-2.97
1992-07,-9.59,-2.11,1.91,2.93,-0.61,-7.28,-4.24,-4.71,-3.99,0.14,-8.64,-1.08,0.14,1.67,-2.89,-0.39,-6.7,-3.87,1.3,-4.44
1992-08,-3.3,-8.0,-3.15,-1.98,-7.15,-12.87,0.83,0.08,-4.17,-0.4,1.07,17.93,2.65,-6.1,-12.25,-3.77,-1.75,-6.56,2.37,-0.62
1992-09,5.63,-4.26,3.56,-6.55,-5.45,-6.45,1.74,-4.23,-1.4,-6.35,-17.51,-3.17,1.59,-3.44,-2.52,1.46,-12.31,-10.24,6.38,-1.39
1992-10,-6.72,-6.41,-6.78,2.02,-9.39,17.08,-8.73,-6.71,12.05,-9.38,13.84,-4.97,-10.0,-7.14,-4.88,2.47,-5.6,-8.04,-8.87,-8.36
1992-11,-6.83,-0.31,-2.22,-5.07,0.41,7.14,-1.22,-0.53,-5.92,2.1,-5.95,2.86,-1.23,13.49,2.3,3.67,5.33,12.9,-3.73,2.34
1992-12,0.93,8.57,-1.19,2.79,-1.33,-5.04,2.37,-1.99,-4.82,1.02,-2.16,-1.21,0.59,0.59,-3.54,-0.21,0.34,-1.74,6.08,3.66
1993-01,0.27,-2.47,5.6,-1.64,12.97,-2.56,-0.56,2.91,3.96,3.55,9.12,-0.08,2.36,-2.16,3.65,1.64,8.22,-6.61,0.06,-2.37
1993-02,4.64,9.96,0.16,5.73,-4.24,-0.56,8.24,4.25,10.85,-5.66,0.83,3.97,2.54,6.43,-1.05,2.01,-1.7,4.66,-1.59,-0.9
1993-03,-0.14,4.02,9.16,3.43,2.53,8.52,7.0,4.16,-0.08,20.4,-8.64,16.18,8.06,2.92,12.53,-0.35,6.81,0.56,8.0,6.09
1993-04,-1.42,0.78,-2.07,4.05,4.81,23.96,-2.16,-1.48,7.41,2.05,20.35,17.19,-0.99,4.49,5.52,7.96,0.27,9.16,2.25,2.65
1993-05,2.16,0.71,-0.57,1.46,2.49,3.8,-1.61,0.3,9.18,1.8,3.79,3.41,2.0,2.47,-2.04,3.71,-2.27,7.77,7.34,0.51
1993-06,-3.22,-2.91,-0.87,-0.65,-1.05,-9.63,-3.4,-4.41,-3.84,-1.66,-5.37,-3.18,-2.36,1.49,-5.43,-3.79,-2.35,-8.44,-1.81,-2.19
1993-07,6.5,9.69,-0.09,-0.95,-2.32,2.21,1.96,4.54,-2.07,-1.54,2.61,7.74,1.6,12.39,5.79,0.15,-6.69,4.14,1.59,1.26
1993-08,10.61,4.19,1.01,1.44,4.42,12.44,8.66,10.71,6.87,6.36,12.64,2.39,10.57,10.14,8.8,13.34,21.14,7.51,6.94,6.35
1993-09,-2.34,-4.0,0.56,-4.76,3.42,0.08,-0.47,1.51,2.59,-0.52,-5.31,-5.73,0.34,-2.16,-2.5,4.41,-2.44,2.9,3.74,-1.29
1993-10,7.29,12.01,3.56,9.35,3.83,10.83,0.72,5.16,23.42,4.4,-4.94,-0.85,5.23,14.06,10.03,4.8,5.22,9.06,4.7,3.22
1993-11,-3.75,-6.27,1.61,-2.5,-1.83,-5.06,-2.69,-1.93,-0.91,1.81,-9.86,-15.88,-2.16,-8.12,-7.58,-0.49,-8.85,-12.0,1.6,0.36
1993-12,8.09,11.35,7.32,4.34,6.68,7.72,9.21,5.95,30.1,3.36,13.24,2.5,5.44,11.23,6.76,21.46,9.41,9.44,8.8,7.3
1994-01,3.82,11.09,5.37,5.76,9.89,25.04,5.2,-1.19,-3.83,13.78,9.78,17.17,5.29,11.77,14.92,-3.74,13.74,20.34,9.92,5.28
1994-02,-1.64,-5.05,-0.54,-4.41,-0.67,-1.27,-2.55,-1.62,-10.44,-7.49,-1.72,3.93,-2.27,-5.42,1.87,-1.98,-4.72,-5.37,-6.07,-5.59
1994-03,-3.72,-7.3,-0.73,-4.17,-1.77,-3.98,-5.0,3.57,-10.47,-4.86,17.33,-3.03,-3.23,-9.34,-7.24,-8.82,-4.33,-7.25,-1.53,-6.44
1994-04,-2.57,3.58,5.69,-0.43,1.94,7.24,3.44,6.36,-0.19,4.68,11.75,3.64,5.44,5.91,1.58,9.54,3.63,8.47,-1.43,3.86
1994-05,-2.01,3.92,-1.86,1.4,-7.56,-5.65,-4.97,-5.64,6.93,-4.57,-7.97,1.77,-2.5,5.89,0.73,1.94,0.0,-2.31,0.41,-5.49
1994-06,8.14,-5.44,-1.96,-6.77,5.15,-1.15,-2.9,0.76,-8.11,-0.1,-6.24,5.5,0.02,-5.83,-3.43,-2.11,-4.59,-5.47,1.27,0.56
1994-07,-2.14,5.29,4.9,4.22,4.6,10.88,9.39,4.9,8.13,6.4,4.21,-3.86,6.92,3.14,11.68,3.78,5.34,5.47,-2.09,5.25
1994-08,2.48,4.41,1.29,6.54,-8.73,8.53,0.3,3.33,5.51,5.76,-3.67,0.76,1.98,7.64,-0.33,3.53,-0.68,-0.44,3.64,6.54
1994-09,-4.24,-4.57,-4.85,2.14,0.38,1.34,-6.54,-6.13,-3.19,-0.19,0.21,-2.64,-2.74,-2.02,-6.34,1.06,-2.35,0.75,-0.68,-4.01
1994-10,-2.04,1.65,3.78,-1.04,1.27,10.97,3.82,5.97,0.49,2.08,-4.87,3.17,6.79,6.32,5.98,3.13,3.0,9.65,1.34,5.96
1994-11,-2.3,-3.2,-2.03,-5.99,-3.03,-10.84,-1.73,-5.94,-12.56,-4.68,-6.21,-5.81,-5.11,-3.75,-1.66,-5.13,-2.1,-3.41,-2.35,-4.98
1994-12,2.7,2.53,1.55,1.91,4.03,3.63,-3.45,3.72,-3.1,2.22,1.21,1.86,2.09,-3.21,6.82,-1.41,-5.61,-1.39,2.85,0.13
1995-01,-3.85,-5.91,-1.38,-4.94,0.94,-2.06,-3.44,-1.74,-10.23,1.38,5.97,-6.58,1.03,2.26,0.79,-4.33,-1.83,1.4,-2.43,-0.86
1995-02,4.31,3.6,3.81,4.67,4.03,1.72,2.5,8.54,14.25,4.28,-8.23,-4.85,3.9,2.88,-1.73,2.55,2.87,2.71,6.97,0.77
1995-03,-0.51,-1.07,4.65,3.93,-0.93,-3.13,11.05,-2.86,2.69,0.17,-7.56,9.0,4.32,3.48,-1.1,1.63,-2.27,-2.93,6.05,5.62
1995-04,0.03,6.91,7.12,1.94,4.36,13.75,1.01,4.57,-3.19,3.57,10.7,4.88,4.16,11.33,8.16,1.56,9.44,9.23,2.16,2.92
1995-05,5.33,-2.53,0.53,3.52,4.33,3.03,1.71,1.11,12.57,1.6,0.03,-5.79,1.67,-2.06,-0.96,6.41,4.07,0.58,4.91,1.98
1995-06,2.04,-0.93,0.51,1.63,-1.12,12.62,-1.77,3.38,-1.91,4.91,-2.71,-4.57,1.66,-2.73,4.22,-4.79,1.69,5.07,3.62,0.33
1995-07,0.93,9.89,2.89,2.7,6.54,10.39,3.75,5.23,2.69,3.0,8.26,7.03,5.04,4.55,4.12,1.5,6.15,7.37,0.58,5.7
1995-08,-7.02,2.81,-5.47,-0.77,-5.1,-2.08,-6.34,-4.62,-3.21,-0.38,-3.5,-2.91,-5.3,-3.49,-5.17,-4.67,-3.42,-2.24,-1.86,-1.97
1995-09,0.72,0.42,2.59,0.22,0.96,3.96,-1.44,0.81,5.58,3.64,-2.62,-1.27,4.57,1.31,3.23,1.55,0.4,13.74,7.36,3.18
1995-10,-3.2,-2.05,0.11,-1.25,0.52,-13.47,1.77,-0.34,0.66,-0.53,-4.87,-4.14,-0.3,3.82,-5.28,1.22,-1.86,-2.32,4.36,0.49
1995-11,-2.47,2.48,0.99,3.39,0.24,-2.23,-1.09,-0.39,0.19,1.8,-6.12,4.89,2.53,-2.5,-0.44,1.81,5.57,1.99,0.97,0.75
1995-12,3.99,2.38,6.8,1.11,2.71,-14.72,3.84,3.05,2.94,1.36,8.83,4.88,3.52,0.68,2.54,6.86,4.89,-2.7,4.05,2.75
1996-01,6.47,4.25,2.98,4.83,3.16,-11.65,4.24,4.04,13.87,3.22,5.05,-1.67,0.89,1.17,-1.78,9.71,0.16,-1.97,-5.28,-0.35
1996-02,-0.52,2.74,-0.46,-1.1,1.85,13.56,2.02,1.02,-1.19,0.38,-0.32,-1.5,2.63,1.62,4.34,0.28,6.58,10.02,3.79,1.09
1996-03,-0.48,-0.35,-2.28,2.03,-2.13,-0.05,3.27,0.08,-0.37,3.39,-4.51,3.05,3.71,1.6,1.26,-2.2,-1.44,2.64,8.15,-0.2
1996-04,0.85,4.89,2.17,3.78,-0.71,1.2,2.04,-3.63,0.02,3.85,14.54,5.38,0.68,0.9,5.35,0.2,3.09,0.28,-3.36,2.42
1996-05,4.57,-0.84,1.35,1.32,0.6,9.85,-0.58,2.02,2.9,2.35,2.41,-3.98,4.72,-6.25,0.99,-0.41,0.0,3.12,-3.12,1.42
1996-06,-5.14,-2.28,0.38,-2.49,2.2,-3.41,0.81,2.37,-1.9,-0.12,-0.45,0.73,-0.46,4.65,-0.6,-1.06,4.08,2.41,4.15,-0.92
1996-07,-1.7,-3.97,1.26,-3.31,1.67,0.95,-2.59,-0.15,-3.93,-1.93,-7.53,-4.58,-1.53,3.86,-3.2,-7.49,-4.86,-3.74,-2.09,0.31
1996-08,0.23,5.91,0.86,4.41,3.92,10.37,-2.3,2.07,4.04,4.43,-1.05,-4.29,-0.49,-9.91,2.43,3.66,2.12,5.84,3.94,4.97
1996-09,-2.32,1.46,0.95,3.38,-0.12,0.26,4.98,1.21,6.52,3.41,7.0,3.6,5.34,14.21,0.58,-0.93,2.12,4.79,-1.84,2.33
1996-10,0.59,3.06,1.62,8.87,3.39,2.05,2.08,0.97,4.03,2.25,-5.15,-6.9,1.16,4.5,4.38,-3.68,3.07,3.63,-1.26,4.77
1996-11,2.57,5.17,3.71,6.81,2.21,8.2,5.52,4.25,8.67,4.35,10.61,1.54,6.43,1.49,4.36,5.6,6.4,6.33,1.5,5.53
1996-12,0.73,-0.34,0.98,-3.15,3.93,4.08,1.48,2.09,0.14,1.08,0.46,-6.66,2.2,0.67,7.87,1.86,10.93,1.14,-1.65,3.63
1997-01,-3.02,-3.86,1.31,5.38,4.23,5.51,1.7,-1.35,-2.46,3.17,11.58,-10.87,-0.45,-0.59,7.86,2.43,-2.66,2.25,2.45,-3.06
1997-02,0.26,3.31,2.22,-0.83,-0.24,0.35,1.05,4.08,0.08,2.31,-10.39,2.15,4.31,-4.7,-4.53,-1.54,-3.46,0.97,1.28,2.68
1997-03,0.76,0.08,2.25,-5.34,2.61,0.08,3.34,7.06,-6.39,-2.1,2.82,-2.98,3.03,-1.18,2.59,-9.03,3.82,3.79,5.85,1.1
1997-04,-4.59,2.97,0.49,2.57,-3.02,-1.34,-4.07,-3.36,1.44,-2.76,1.45,2.66,-1.15,1.37,-5.15,-5.2,5.49,-7.49,2.47,1.32
1997-05,6.74,2.8,2.99,8.0,7.02,4.58,-1.09,3.95,12.27,8.73,-0.36,13.05,6.27,5.05,5.39,6.77,7.92,8.28,7.25,4.26
1997-06,-2.18,4.08,2.54,1.35,1.91,6.05,8.08,4.31,4.46,4.5,9.27,6.74,6.33,5.28,1.76,-0.69,7.41,8.3,8.06,1.68
1997-07,5.11,-0.55,1.64,7.3,6.26,7.87,2.01,8.19,5.97,5.0,5.34,-3.01,7.56,-1.84,1.95,-0.66,-5.93,3.04,2.08,4.88
1997-08,-5.85,-6.83,-7.18,-5.22,-4.64,-8.25,-7.09,-9.5,-13.24,-1.3,-2.27,-8.96,-9.04,-5.96,0.6,-14.52,-1.96,-4.13,-9.11,-2.2
1997-09,7.09,6.43,6.88,6.27,11.49,17.93,10.06,7.21,5.62,4.98,14.95,-1.91,8.58,5.22,10.59,4.46,13.46,11.34,10.24,8.74
1997-10,-3.72,-12.98,-0.98,-4.34,-3.59,-7.52,-6.44,-6.48,-28.6,-0.51,-5.46,-8.41,-4.8,-9.2,-3.18,-17.43,-9.63,-10.27,-0.88,-3.86
1997-11,-5.62,-2.42,0.89,-3.57,0.93,-4.59,2.17,2.61,-2.33,1.3,1.7,-6.54,-0.49,-2.86,-6.76,6.36,6.07,2.51,3.04,0.79
1997-12,5.48,2.17,2.71,2.34,8.36,-5.67,3.23,3.35,1.55,3.6,7.84,-6.6,2.53,-5.09,-0.56,-6.0,2.49,-2.84,5.04,3.22
1998-01,3.63,6.49,4.23,-1.74,0.24,6.89,4.13,2.76,-15.5,3.77,11.16,9.59,1.64,-2.08,-7.05,-14.7,7.86,1.5,3.72,4.8
1998-02,7.2,2.56,6.15,8.78,1.96,17.3,8.82,6.87,21.69,15.75,4.71,0.57,11.14,2.6,3.93,22.14,12.33,9.54,9.41,7.23
1998-03,4.85,-0.44,8.17,7.27,10.94,4.85,10.73,6.44,-2.48,4.03,21.22,-6.79,3.73,-5.07,8.73,-2.68,12.92,6.81,2.62,5.18
1998-04,5.95,-1.48,7.24,0.66,-4.13,16.44,3.67,3.98,-10.56,5.85,-3.26,-0.85,2.92,0.48,5.37,-6.56,1.99,4.62,-0.36,0.31
1998-05,7.51,-4.55,8.25,-1.2,2.7,-0.84,5.38,7.45,-14.25,-4.4,4.96,-4.81,6.67,-6.72,-8.49,-17.56,1.0,2.74,4.92,-2.74
1998-06,-6.85,-0.12,4.15,-3.58,-1.83,4.91,2.23,3.36,-6.88,1.62,-5.74,0.69,-0.88,-12.98,-3.36,-11.16,0.2,-0.5,-1.95,0.95
1998-07,2.12,-0.15,4.16,-7.41,2.68,9.33,0.71,1.76,-7.72,0.32,9.75,-1.02,2.48,8.3,1.39,-1.38,4.5,-0.91,5.86,-1.7
1998-08,-15.09,-13.18,-8.32,-21.61,-10.5,-19.07,-11.12,-15.48,-7.41,-15.43,-13.97,-10.72,-10.57,-18.88,-28.23,-17.84,-19.48,-16.09,-14.72,-8.3
1998-09,-6.9,8.56,0.0,3.65,-4.04,2.86,-6.54,-1.13,17.11,9.09,-5.08,-2.05,-7.52,-4.41,-1.99,15.06,-1.12,-8.77,-4.5,-1.48
1998-10,9.46,8.54,5.95,9.14,7.44,11.41,10.45,3.94,32.18,3.66,6.27,16.74,6.69,14.85,15.17,27.09,14.41,5.56,13.21,5.9
1998-11,-4.05,6.67,3.06,3.89,-3.87,7.51,6.54,4.58,0.07,4.65,10.98,4.23,7.44,5.89,-7.86,14.6,7.73,8.91,4.58,3.75
1998-12,1.79,-0.01,9.27,1.39,9.53,18.28,4.17,2.53,-2.02,8.51,7.53,3.55,8.17,3.13,-5.87,-0.16,4.48,-1.57,1.85,3.1
1999-01,-6.36,7.17,-4.61,7.31,-3.06,7.55,3.48,0.36,-8.25,-1.34,-4.36,0.73,-6.62,8.93,11.65,-3.31,-3.05,6.53,-1.99,-0.19
1999-02,4.19,-2.88,-4.7,-6.1,-7.76,-5.66,-6.9,-6.88,0.58,0.25,-1.55,-2.82,-1.58,0.0,-9.16,-1.08,-2.42,-3.4,-3.95,2.62
1999-03,0.29,5.32,-4.81,5.66,-2.85,11.41,1.87,-2.46,12.74,-2.83,3.64,14.64,1.29,-1.34,10.39,6.74,-3.86,2.07,-0.21,2.45
1999-04,5.03,9.82,-2.16,10.45,4.68,1.72,3.12,5.6,21.88,-4.09,-2.34,4.93,5.56,13.97,7.46,28.14,0.14,6.49,0.14,4.79
1999-05,-10.32,-7.62,-4.86,-2.61,-3.96,-4.76,-1.43,-5.43,-7.63,-7.97,-4.15,-4.41,-5.0,-14.52,-2.56,-2.08,-0.08,-1.89,-5.03,-5.39
1999-06,3.94,5.42,-0.37,2.76,0.84,12.58,2.93,4.6,10.27,-2.71,-2.11,9.62,0.66,3.06,-1.41,12.59,-0.11,7.77,-1.42,0.48
1999-07,0.48,-0.36,0.88,0.67,6.0,3.06,1.14,-0.28,-2.78,8.0,-2.4,10.35,3.08,3.75,4.07,0.35,-3.74,4.16,4.13,1.46
1999-08,0.09,-5.04,4.24,-0.92,-0.09,-2.02,3.57,1.88,0.49,0.71,1.86,2.38,2.02,-4.69,2.88,-0.82,3.23,0.63,-0.15,-0.14
1999-09,-4.8,0.95,-3.36,2.08,2.55,5.19,1.78,-1.04,-4.62,-3.07,1.74,6.77,-3.25,-6.89,1.16,-0.77,-1.83,-0.7,-0.18,-2.0
1999-10,0.43,-2.18,-0.94,5.71,1.31,15.31,4.39,4.69,3.62,-7.18,-2.8,6.89,2.83,1.85,-4.62,4.46,0.54,9.38,1.55,2.49
1999-11,-3.73,6.57,-2.19,3.89,3.67,19.67,5.44,1.51,11.43,4.03,3.71,7.63,-0.21,2.44,4.05,5.57,7.1,9.13,-0.38,2.25
1999-12,5.68,5.59,7.84,14.05,5.38,30.83,14.46,16.79,9.7,1.19,20.44,5.08,9.94,8.32,11.34,12.17,6.32,16.75,2.95,6.57
2000-01,-9.0,-4.14,-17.06,-0.46,-5.27,-0.82,-6.9,-4.1,-7.53,-6.88,-5.15,-5.53,-12.05,-11.55,-7.59,-10.69,-5.97,0.08,-10.05,-8.36
2000-02,-4.63,-2.54,-1.91,5.22,3.81,7.21,7.6,9.69,3.06,1.06,17.04,-2.27,5.71,-4.21,0.67,-6.77,13.83,19.73,-1.43,-1.99
2000-03,2.31,-1.13,-0.56,7.19,7.94,2.57,1.02,-0.53,4.13,9.96,-7.22,7.87,2.69,5.89,1.08,-0.19,-5.34,-4.01,7.86,6.66
2000-04,-4.8,-3.17,-2.54,-2.76,-9.34,2.25,-3.18,-8.21,-9.23,-8.98,-6.44,-8.02,-3.28,-1.73,-7.38,2.76,-8.23,-1.86,-3.63,-3.96
2000-05,3.03,-3.16,3.63,-2.95,6.28,-8.98,1.78,-2.27,-10.03,-6.12,2.84,-7.09,2.54,-8.2,3.89,-15.13,-4.93,-4.04,5.23,-3.78
2000-06,3.45,12.77,7.89,10.0,0.81,-1.26,3.69,0.23,8.67,3.41,5.68,6.73,5.69,6.3,10.1,12.6,1.91,-1.74,4.09,1.92
2000-07,-1.21,-4.31,1.31,1.59,2.96,-11.89,-1.91,0.1,6.61,-3.2,-3.55,-11.26,-3.67,-2.08,-1.74,-0.62,-3.23,-2.97,1.3,-0.01
2000-08,-2.57,-0.12,-1.75,6.73,5.84,-2.35,-2.24,-3.85,5.84,1.66,-0.47,6.36,-0.29,-7.13,6.5,5.78,-0.55,-0.59,-1.48,1.9
2000-09,-0.71,-5.75,-3.27,-7.88,-1.01,-8.48,-6.14,-4.47,-4.13,6.55,-5.65,-4.29,-3.57,-9.38,-2.29,-7.89,-0.47,-12.14,-4.52,-3.3
2000-10,-5.56,-5.12,-2.75,-6.28,-3.05,0.1,-2.15,0.31,-4.63,-2.57,1.03,-6.77,-0.88,-7.6,-2.83,0.35,-8.51,-6.69,-0.43,-0.07
2000-11,-2.35,1.97,-1.4,-5.74,-5.09,1.46,-3.89,-7.06,-1.94,0.79,1.32,-2.68,-0.93,5.81,-3.56,-1.88,-6.89,-8.89,3.52,-4.99
2000-12,12.7,3.98,9.38,3.46,5.56,7.32,8.26,9.13,11.39,10.42,1.69,-8.61,5.53,0.9,6.6,-0.47,7.08,4.74,9.09,6.97
2001-01,2.76,3.93,-3.73,3.68,11.08,-16.52,0.52,3.67,3.04,2.04,2.4,-0.34,-0.34,8.13,3.8,1.4,8.36,7.51,-2.23,-0.71
2001-02,6.88,-5.55,1.3,-13.29,-8.39,-28.99,-10.46,-8.48,-1.81,-1.49,-10.8,-5.49,-6.32,-5.28,-2.75,-1.75,-7.06,-14.52,-6.16,-6.35
2001-03,-5.39,-10.95,-8.6,-7.99,-10.47,0.02,-7.17,-9.86,-10.95,-8.63,-6.96,-3.49,-9.06,-2.32,-8.08,-19.11,-5.69,-19.88,-9.75,-6.03
2001-04,3.17,10.77,1.23,6.88,1.95,30.63,8.96,6.76,1.8,5.69,5.38,8.59,6.48,6.96,7.38,2.09,5.73,12.04,2.2,6.67
2001-05,-6.8,0.88,-6.06,1.88,1.0,-9.77,-6.57,-6.7,-0.85,2.81,-8.59,-0.38,-4.1,-7.24,-2.47,-3.71,-6.87,-5.43,-0.97,-2.72
2001-06,0.37,2.81,2.94,-2.47,-2.07,-17.52,-4.61,-1.48,-3.24,3.59,-4.83,-5.7,-2.79,1.24,-3.44,5.62,-6.37,-4.89,-3.36,-3.37
2001-07,6.23,-4.98,4.92,-0.94,3.76,-2.68,1.11,0.61,-1.97,-2.06,2.06,-8.5,-0.34,3.22,0.13,-2.48,-1.52,0.45,-1.21,-0.28
2001-08,1.39,2.15,2.18,-4.58,-4.94,-18.41,-3.43,-6.29,-6.05,-1.39,-1.4,-3.08,-1.14,4.73,-3.06,2.1,1.5,-5.36,-0.4,-0.88
2001-09,-8.07,-11.53,-8.63,-8.84,-10.46,-1.51,-13.43,-15.86,-13.47,-12.13,-15.17,-7.28,-12.6,-17.77,-13.85,-18.77,-10.28,-15.15,-6.36,-7.57
2001-10,-2.88,8.38,-2.69,-0.33,2.86,22.54,5.64,5.66,3.75,3.04,4.09,0.54,0.37,8.52,1.49,0.19,4.78,7.26,0.85,2.13
2001-11,5.71,6.69,2.3,8.93,1.44,9.36,3.46,8.65,10.53,4.67,3.76,0.3,4.18,6.68,5.97,6.46,7.66,13.09,2.54,2.02
2001-12,1.45,1.21,4.84,2.13,0.29,6.92,2.91,2.19,5.11,5.04,1.18,-8.17,2.57,-0.56,5.13,8.88,-0.38,3.46,2.12,2.62
2002-01,-0.22,0.23,-4.09,-0.51,-4.14,-7.06,-6.12,-3.52,-1.5,-11.5,-3.37,-7.64,-3.34,4.68,-4.22,10.36,-6.25,-8.46,-5.29,-3.91
2002-02,2.97,0.48,-0.13,-0.69,3.8,-3.49,0.14,-0.97,-3.33,-6.93,0.1,4.21,0.46,-0.87,5.59,-3.31,1.79,1.91,2.27,-0.58
2002-03,5.74,4.08,2.64,3.73,2.11,0.68,6.93,7.54,5.5,6.87,6.92,6.32,8.74,4.45,8.89,4.26,2.21,4.28,6.6,4.79
2002-04,6.78,-1.19,5.24,-0.46,-4.61,-14.49,-1.52,-3.22,5.57,2.73,0.51,5.45,-0.32,0.06,1.41,-2.88,2.78,-8.93,2.18,0.89
2002-05,1.71,6.2,1.33,2.65,3.26,-4.1,-0.06,-1.38,-3.19,6.18,-2.3,7.15,0.09,13.12,1.21,-1.56,1.45,-1.41,3.58,-1.06
2002-06,1.46,-5.23,-1.1,-5.36,3.08,1.34,-3.73,-3.99,-5.52,-4.41,-1.38,-5.35,-2.46,-1.39,-1.58,-5.91,-6.69,-1.11,-3.7,-4.4
2002-07,-6.62,-6.33,-11.39,-10.98,-11.51,-13.07,-11.59,-14.92,-3.83,-11.25,-9.17,-5.93,-16.62,-8.15,-8.87,-2.05,-7.84,-13.61,-11.95,-6.41
2002-08,-1.15,2.43,-0.02,1.39,3.75,3.69,-0.8,0.17,-4.68,4.22,1.91,-1.37,1.2,4.24,0.17,-0.95,2.37,-0.17,-0.68,-1.14
2002-09,-3.57,-5.65,-15.25,-7.92,-13.48,-4.63,-15.75,-23.3,-7.49,-12.81,-13.83,-4.94,-16.99,-2.37,-12.05,-11.82,-13.2,-14.43,-6.58,-10.26
2002-10,0.51,5.29,6.22,2.75,4.37,19.37,14.01,14.6,3.7,12.05,9.26,-6.59,12.6,7.39,4.43,9.03,13.46,13.51,3.54,7.9
2002-11,2.93,2.54,5.2,5.32,2.8,12.36,7.01,4.7,6.0,4.78,9.71,3.97,6.11,-1.84,6.31,-4.61,8.05,14.8,3.13,2.88
2002-12,11.21,-1.59,3.1,-1.08,4.4,-11.63,-2.93,-6.37,-6.45,-5.58,-3.18,-2.4,-4.29,4.82,2.84,-2.8,-4.33,-8.8,-2.14,-2.08
2003-01,3.85,2.78,-5.23,2.84,-3.81,-8.57,-1.14,-2.23,1.35,2.8,-1.44,-3.65,-5.15,6.4,-5.62,-2.24,1.61,-1.94,-3.6,-7.08
2003-02,0.92,-2.38,-9.19,2.98,-4.46,-3.54,-5.12,-6.51,-1.04,-4.11,1.98,1.05,-7.24,-1.23,-7.3,-0.47,0.96,0.15,-5.24,-1.88
2003-03,1.83,2.98,0.39,-1.27,5.99,0.61,-2.99,-2.87,-5.08,4.93,-5.59,-4.36,-2.13,0.01,0.54,-1.54,-0.33,-2.54,-0.54,-0.63
2003-04,7.18,8.47,16.68,6.57,12.53,17.85,15.04,21.99,-0.96,10.28,13.73,0.62,11.11,5.18,12.87,1.61,12.13,17.16,10.65,10.58
2003-05,7.24,4.82,9.03,8.82,7.62,5.16,7.8,7.24,8.64,4.28,10.57,4.68,6.16,6.25,4.95,8.99,7.05,4.86,6.21,6.71
2003-06,1.92,3.48,-1.29,3.11,-0.22,-4.18,0.2,4.65,1.18,-0.65,-2.77,7.86,1.28,10.18,3.91,5.18,3.02,1.29,0.09,0.93
2003-07,-1.19,0.27,2.3,-0.04,-2.09,-1.55,2.43,5.19,6.5,0.5,-0.03,4.06,4.09,-4.02,6.38,7.53,0.74,5.03,3.77,1.02
2003-08,-0.53,3.11,-0.42,4.63,7.08,6.23,1.18,-1.31,11.32,1.42,-2.38,10.47,1.98,2.6,0.8,3.33,-1.21,1.53,-0.65,-0.9
2003-09,5.01,3.26,6.12,1.8,4.04,-2.19,1.79,0.12,5.94,2.94,4.25,6.14,-0.59,5.14,-0.2,3.17,1.07,4.67,4.8,3.61
2003-10,3.25,8.6,5.15,7.17,6.08,10.53,7.52,11.62,4.79,5.5,5.09,4.16,5.99,3.37,11.93,5.93,5.75,8.03,2.94,7.15
2003-11,7.73,-0.38,4.01,2.51,-0.08,6.23,5.03,4.87,-0.19,1.7,8.08,-3.23,3.88,6.53,5.36,-0.02,5.61,3.76,5.46,2.77
2003-12,8.66,7.91,8.81,6.23,7.46,-0.76,8.55,10.25,2.26,10.33,5.0,6.73,8.76,6.48,9.4,4.7,11.41,8.85,7.79,7.54
2004-01,9.61,0.49,6.22,0.65,6.11,10.96,1.38,1.55,9.62,2.15,2.02,1.69,0.48,2.5,0.96,4.62,2.03,3.23,2.87,0.54
2004-02,3.12,4.26,4.12,2.15,5.47,6.08,2.8,-0.39,3.16,-0.57,1.64,0.06,2.05,0.86,8.81,2.89,3.82,3.61,0.37,4.67
2004-03,3.41,0.41,-4.09,0.01,-6.55,-5.03,-3.31,-4.73,-6.05,1.0,-2.78,14.24,-4.62,1.68,-0.09,-0.26,-3.84,-2.24,-2.56,-2.84
2004-04,1.48,-4.91,0.3,-7.33,-3.24,-18.16,-1.17,-0.26,-5.04,1.01,1.35,-4.96,-1.19,-4.46,-2.6,-2.47,-0.74,-1.12,0.68,-1.05
2004-05,-0.46,0.86,1.0,2.91,1.31,-0.72,1.44,-0.27,-0.69,0.24,-0.54,-2.9,1.41,-0.97,3.6,-1.79,-0.16,1.16,1.06,2.13
2004-06,5.1,-0.18,2.12,3.35,5.43,4.92,2.03,2.89,0.31,4.56,2.88,4.5,2.35,3.77,3.24,1.35,1.6,3.11,0.11,0.25
2004-07,1.24,0.43,-1.07,1.0,-0.92,-9.43,-3.03,-4.38,1.76,-2.57,-2.35,-6.1,-4.53,4.29,-1.47,2.14,-2.43,-3.53,-3.54,-0.95
2004-08,0.23,1.2,4.79,-0.25,0.81,1.16,-0.54,-2.2,6.34,3.11,-0.55,0.67,-0.41,1.63,2.73,1.41,0.65,2.19,-0.74,0.05
2004-09,4.89,5.89,7.74,7.73,7.73,10.03,4.05,4.99,1.41,4.79,5.95,-2.8,2.55,4.95,11.37,4.94,4.17,7.44,2.62,3.26
2004-10,5.98,6.13,6.94,6.6,-0.58,8.69,4.59,3.96,-0.65,3.47,5.91,2.41,4.3,-0.31,2.48,1.25,7.45,2.68,2.06,2.83
2004-11,12.38,8.33,7.77,4.29,9.05,9.42,6.12,8.84,9.7,9.99,7.85,4.8,7.18,9.54,12.62,3.1,7.73,12.9,7.06,6.57
2004-12,8.05,4.35,6.08,1.92,3.92,-0.3,4.42,5.41,2.13,6.49,8.06,5.29,4.99,3.61,0.2,3.47,7.35,2.21,4.72,3.53
2005-01,-1.78,0.74,-1.48,-3.86,-2.25,-2.97,-1.28,-3.6,-3.62,-1.03,-1.7,-1.67,-0.11,-0.86,-2.12,3.04,-1.31,-4.53,-2.65,-0.5
2005-02,9.36,4.9,5.73,5.72,8.55,7.67,4.73,4.0,3.72,-1.04,2.92,1.62,6.2,7.68,12.62,1.83,3.36,6.8,5.52,4.44
2005-03,-4.3,-3.87,-1.37,2.01,-0.55,-3.15,-1.18,-2.04,-3.42,-6.77,-0.62,-2.24,-3.35,-8.28,-3.36,-0.71,-3.26,-3.25,-3.02,-2.9
2005-04,-3.79,-1.44,-3.34,-5.34,-3.43,-1.15,-4.26,-5.34,3.73,-3.4,-4.89,-2.15,-5.98,2.48,-3.52,0.37,-2.97,-4.44,-0.81,-1.13
2005-05,3.1,-0.1,-3.37,2.57,2.58,3.58,0.97,1.31,-0.39,2.73,-1.79,-1.93,0.27,-3.89,1.15,0.29,0.28,1.7,-0.13,-1.03
2005-06,7.04,5.26,1.03,6.31,3.75,2.11,1.59,1.73,3.7,3.72,0.79,0.7,4.8,7.02,10.71,3.28,2.42,-0.49,-0.37,1.79
2005-07,3.92,2.42,4.4,5.16,2.83,1.53,5.52,6.37,6.19,3.76,4.62,1.02,5.26,1.36,6.49,6.78,3.54,5.77,5.15,1.69
2005-08,7.97,0.95,2.47,6.04,5.87,1.35,1.01,0.89,-0.99,-0.34,1.82,7.46,-0.23,0.28,8.38,-4.44,0.91,1.43,1.9,3.03
2005-09,1.52,5.35,0.57,5.52,-1.17,4.47,2.23,1.69,2.39,-0.2,1.46,8.99,0.97,1.73,1.8,0.41,5.39,3.14,2.37,1.28
2005-10,-4.4,-5.19,-1.84,-7.85,-3.85,-3.9,-3.58,-2.91,-6.91,-3.43,-6.41,-0.74,-1.81,-3.05,-7.15,-3.07,-3.59,-4.32,1.92,-2.12
2005-11,2.55,2.64,2.64,5.33,2.18,1.25,1.7,2.99,3.3,3.04,1.86,3.64,5.05,0.29,-0.04,3.85,-0.82,2.16,2.78,0.28
2005-12,5.2,2.47,4.6,4.58,7.6,7.04,4.01,4.55,1.2,7.71,4.39,8.91,5.34,0.01,4.59,4.95,1.91,7.51,2.76,3.68
2006-01,12.21,7.49,6.86,7.75,1.51,6.42,7.71,7.99,5.8,5.57,6.14,4.34,6.0,-0.53,12.09,6.22,6.34,5.92,6.24,6.35
2006-02,0.93,-2.05,0.56,-1.44,-0.94,3.42,-0.39,1.2,0.69,2.79,1.52,-1.02,2.38,-2.99,-0.81,2.81,4.08,-0.5,-1.27,-0.35
2006-03,3.73,0.43,2.58,1.2,3.79,8.25,6.71,5.07,1.19,4.5,3.08,2.27,4.91,0.25,11.77,3.21,3.43,8.44,2.73,2.23
2006-04,4.84,9.33,5.42,4.94,4.99,5.55,3.75,4.41,5.08,2.57,4.15,2.75,3.42,5.5,9.82,5.75,4.67,3.88,5.92,6.3
2006-05,-6.66,-5.49,-4.67,-3.28,-4.06,-5.88,-3.64,-5.25,-6.27,-1.86,-2.14,-6.28,-5.08,-7.04,-7.52,-8.39,-2.22,-7.0,-3.65,-2.4
2006-06,1.81,0.71,-0.39,-1.64,-1.07,-1.72,0.67,-0.77,0.73,-1.18,-0.2,-1.1,0.28,-5.62,-2.9,2.6,1.71,1.14,0.33,0.9
2006-07,1.13,1.74,2.95,0.34,-0.39,-0.33,0.97,0.02,2.44,0.15,1.03,-0.83,2.83,0.75,4.06,0.52,2.47,-0.82,3.0,2.45
2006-08,1.41,2.23,3.28,5.0,6.6,4.36,3.38,3.46,2.71,7.5,3.98,1.68,3.81,3.28,-3.98,2.91,3.27,4.28,2.91,1.96
2006-09,2.86,-1.53,3.43,-2.59,3.04,-1.83,1.14,2.21,0.79,1.65,0.67,-1.88,3.15,3.86,-7.52,2.49,5.65,5.18,1.88,-0.15
2006-10,5.77,8.65,3.08,4.94,4.84,4.38,2.82,5.0,1.1,4.62,4.27,1.94,0.87,8.1,8.84,8.39,7.02,7.01,2.69,5.18
2006-11,3.95,3.38,4.06,3.0,6.01,4.19,3.94,4.81,6.04,4.43,5.74,0.45,2.83,4.0,8.9,7.2,4.94,4.0,3.37,2.37
2006-12,9.22,3.59,4.81,-0.56,4.03,3.33,3.85,4.57,6.23,8.59,2.72,2.4,4.25,9.07,5.39,6.17,1.88,8.67,2.3,2.82
2007-01,0.1,0.17,0.62,0.24,3.38,3.25,-0.17,1.12,1.87,-3.95,0.32,0.75,0.68,0.39,4.0,4.87,1.94,1.7,2.22,0.23
2007-02,-3.22,3.34,-0.39,0.68,-0.08,0.69,0.41,0.79,-2.61,3.77,-0.37,4.01,-0.06,-0.69,-3.52,0.64,0.01,-2.75,-1.85,-0.2
2007-03,7.45,5.88,4.28,2.49,4.43,6.22,3.94,4.19,1.88,1.03,2.63,-1.26,7.09,3.69,5.01,6.22,4.29,6.08,3.04,3.54
2007-04,4.56,5.64,5.67,5.89,7.1,8.08,7.35,8.92,2.17,2.93,7.64,-2.17,8.76,6.71,5.48,4.48,0.88,12.04,6.68,4.12
2007-05,2.78,2.21,1.81,9.02,3.25,5.7,2.82,3.78,2.13,3.14,-0.12,1.22,-0.73,1.62,2.22,3.96,5.36,-2.11,-0.68,1.98
2007-06,-0.27,2.73,-1.21,-0.08,-1.92,-0.09,0.91,1.42,0.64,-3.67,-0.8,-0.13,0.79,2.98,6.89,1.82,-2.45,-1.09,-2.15,1.01
2007-07,-4.3,-2.07,-3.65,-0.5,4.57,0.2,-4.01,-3.13,6.56,-7.26,-2.95,-0.19,-0.07,-1.57,-1.81,1.22,0.45,0.25,-1.61,-2.54
2007-08,-3.12,-0.74,-2.39,0.12,-0.97,4.14,-1.72,0.45,-1.08,-1.87,-1.13,-3.03,-2.28,-12.05,-3.81,-3.32,-2.4,-4.98,-1.3,-0.86
2007-09,3.36,14.7,4.92,9.47,5.24,11.27,5.44,7.34,12.57,-2.1,4.65,1.93,8.0,13.2,14.7,11.61,5.03,7.52,4.32,3.81
2007-10,8.58,7.96,3.6,9.51,3.13,3.45,4.61,4.64,10.41,3.2,3.74,0.06,2.24,-1.34,4.17,4.86,9.03,-1.26,1.58,6.25
2007-11,-5.86,-8.1,-6.39,-11.09,-6.64,-3.25,-1.94,-2.16,-3.04,-9.14,-3.29,-1.83,-4.29,-3.3,-6.15,-7.49,0.18,-7.52,-0.24,-5.43
2007-12,0.13,-3.17,-1.99,1.67,-2.11,-2.84,-1.43,0.48,0.9,-4.13,-1.27,-3.41,0.5,-1.46,1.53,-0.01,-4.08,-2.91,-3.62,-2.97
2008-01,-9.6,-9.39,-6.88,-5.9,-10.27,-7.51,-12.15,-10.01,-12.48,-2.2,-9.86,-4.77,-8.94,-5.67,-18.63,-13.06,-9.94,-10.88,-5.38,-8.38
2008-02,3.63,4.4,2.95,4.88,7.1,3.72,1.21,1.24,0.02,-0.38,0.81,1.18,3.17,-2.12,11.67,5.32,1.77,7.2,3.56,1.26
2008-03,1.38,-6.09,2.89,-5.31,3.27,-3.52,1.71,1.66,-6.1,0.22,-2.06,-3.51,3.03,-5.44,-1.22,-1.19,4.64,1.63,0.62,-2.49
2008-04,7.68,8.14,3.59,6.47,0.24,0.01,5.98,3.91,6.98,1.36,5.63,6.32,2.6,4.61,12.16,5.32,1.99,4.13,0.92,6.3
2008-05,3.08,4.24,-3.48,6.97,4.98,1.02,2.12,1.76,1.17,-3.12,1.12,2.17,0.98,0.18,6.67,3.13,-1.38,2.26,0.99,0.02
2008-06,-7.43,-7.0,-12.56,-4.46,-6.34,-11.04,-9.24,-7.19,-10.03,-13.58,-10.73,-6.48,-12.54,-12.48,-5.77,-7.44,-9.22,-14.69,-5.59,-6.49
2008-07,-7.3,-7.01,-5.82,-6.25,-3.33,-2.08,-3.44,-1.67,-1.71,-16.24,-4.6,-3.0,-4.37,0.22,-8.3,-3.44,-3.37,-1.85,-1.12,-4.5
2008-08,-7.13,-5.38,-1.67,-2.29,-5.38,-5.67,-3.74,-6.21,-5.82,-2.89,-3.85,-4.26,0.28,-3.66,-5.57,-10.09,-6.52,-5.13,-3.52,-3.94
2008-09,-25.72,-17.35,-16.74,-14.57,-19.86,-21.74,-14.22,-11.59,-17.93,-23.46,-14.36,-10.34,-18.8,-11.67,-28.79,-17.03,-10.84,-18.4,-9.66,-15.29
2008-10,-34.25,-27.69,-29.53,-26.93,-25.69,-19.51,-22.23,-20.68,-22.72,-23.87,-22.88,-13.43,-26.37,-18.98,-30.95,-28.31,-22.78,-27.66,-12.56,-20.46
2008-11,-10.27,-9.06,-10.68,-6.76,-8.71,-9.45,-5.57,-10.25,-2.78,-15.87,-5.77,0.1,-8.25,-9.84,-12.89,-2.82,-2.28,-5.86,-9.58,-5.99
2008-12,8.4,7.05,10.42,-0.57,4.11,6.15,8.82,12.64,6.3,1.9,7.33,8.51,10.07,4.97,1.28,9.4,13.54,7.15,8.78,-1.49
2009-01,-7.94,-13.62,-4.83,-2.83,-4.81,-13.26,-14.01,-15.56,-0.12,-8.42,-13.38,-6.42,-9.2,-10.06,2.57,-5.62,-14.17,-12.99,-11.06,-6.44
2009-02,-12.99,-3.52,-5.52,-9.68,-9.06,-14.85,-10.27,-11.64,-4.75,-11.51,-13.02,-12.02,-12.31,-9.13,-7.16,-9.73,-12.15,-3.99,-11.1,-7.36
2009-03,17.65,17.09,6.31,8.8,0.63,10.86,7.57,10.14,3.99,11.09,7.19,1.41,5.65,15.02,8.18,6.81,4.75,11.23,8.15,3.52
2009-04,10.96,11.37,10.82,13.6,18.1,25.9,13.17,13.62,16.63,19.47,18.25,8.0,13.81,5.65,12.9,16.67,11.73,25.22,8.21,13.84
2009-05,18.96,12.8,11.97,21.71,14.96,10.41,12.74,10.81,21.09,14.4,13.05,10.91,13.89,15.17,19.47,29.61,13.15,9.71,9.85,14.32
2009-06,-1.31,4.7,-0.51,-5.93,-1.93,-4.19,-3.43,-2.14,-0.44,-0.99,-3.47,2.92,-0.88,1.53,-4.57,-0.43,1.6,-1.15,-0.87,-1.27
2009-07,7.61,11.49,6.91,12.12,7.89,3.23,9.59,10.57,13.31,5.78,7.95,4.05,13.54,8.39,9.39,15.55,11.62,18.64,11.0,9.99
2009-08,14.45,7.68,8.97,-0.45,8.06,9.15,7.83,0.83,-5.7,12.43,7.71,3.4,7.01,4.55,2.43,0.3,6.02,4.94,5.21,4.82
2009-09,7.49,11.0,6.56,7.6,2.86,4.77,7.15,6.34,7.3,10.07,7.44,-0.69,8.02,6.38,10.03,5.71,5.53,2.7,4.67,2.85
2009-10,-4.81,0.1,-1.57,-5.11,-2.74,-6.53,-3.57,-4.15,3.67,-13.03,-4.56,-2.38,-2.42,1.18,3.86,-1.02,-2.74,2.78,-0.17,1.25
2009-11,1.89,3.98,3.02,7.82,3.57,4.62,3.33,5.6,0.1,-0.36,1.63,-1.98,3.55,-2.86,4.76,3.45,3.54,1.96,2.04,2.91
2009-12,-4.03,1.45,-1.02,4.09,-1.09,1.07,1.46,0.55,2.44,-0.19,0.84,0.27,2.79,3.68,3.62,5.83,-1.56,-1.02,1.15,2.52
2010-01,-4.34,-7.23,-2.2,-6.14,3.0,1.03,-6.6,-7.49,-4.86,-3.08,-7.15,2.39,-3.12,-4.59,-4.73,-4.81,-9.18,-2.33,-3.1,-4.3
2010-02,-3.43,2.96,-1.29,6.62,-1.94,-2.37,-2.54,-2.07,3.16,-4.66,-5.36,0.71,-3.85,-1.0,-2.65,0.7,-6.97,3.23,1.58,-1.41
2010-03,6.16,8.47,3.52,7.59,6.15,10.67,6.28,7.95,7.2,9.84,6.63,4.78,7.4,4.43,5.97,4.73,3.52,7.24,6.07,6.58
2010-04,1.62,-0.07,-3.07,1.51,4.87,-4.99,-2.39,-1.38,0.33,6.13,-5.64,0.62,-0.78,3.46,2.91,5.9,-4.44,4.26,-3.89,-0.42
2010-05,-14.1,-15.97,-8.21,-6.28,-12.01,-13.12,-12.63,-9.9,-7.34,-18.84,-13.8,-7.93,-11.94,-12.02,-16.39,-9.35,-16.53,-13.85,-10.65,-10.99
2010-06,-4.08,-3.27,-1.81,-5.34,-0.13,-4.82,-2.13,-0.15,2.64,-3.48,-1.83,-0.72,-1.75,-1.68,-4.45,3.11,-1.3,1.52,4.49,-1.98
2010-07,15.17,12.46,11.14,7.64,10.16,13.23,12.33,9.7,6.2,8.01,14.43,2.96,11.4,7.86,14.21,8.16,20.08,13.01,5.02,12.81
2010-08,-5.19,-2.16,-3.72,-1.96,-6.04,-4.43,-6.02,-5.58,1.64,-10.01,-7.27,-2.45,-7.05,-3.29,-5.53,-0.38,-5.44,-5.67,1.88,-2.62
2010-09,13.01,14.12,12.43,8.19,12.96,16.94,14.45,13.63,12.88,9.93,12.69,4.65,14.02,9.99,14.14,8.2,11.17,19.2,5.4,9.43
2010-10,6.95,3.96,5.46,3.83,4.49,4.13,5.78,7.87,2.63,3.8,6.85,1.29,3.02,8.66,5.65,3.98,5.29,1.12,2.85,4.31
2010-11,-8.77,-3.04,-12.23,1.8,-6.62,-8.8,-10.81,-5.61,2.21,-8.03,-15.0,1.91,-9.02,-3.89,-7.63,-2.43,-18.65,-3.54,-3.88,-5.04
2010-12,15.89,10.88,5.76,7.43,9.9,11.89,8.47,7.88,1.72,11.9,9.4,7.56,10.97,7.23,17.98,5.15,9.77,11.12,10.21,7.87
2011-01,2.27,-2.48,1.57,0.79,3.07,3.88,6.35,3.17,1.62,2.42,8.85,0.4,4.14,0.37,-0.16,-0.53,12.53,2.88,-0.65,1.84
2011-02,1.48,4.55,3.31,7.47,2.57,-3.36,3.37,2.91,-3.59,4.93,2.41,4.79,3.6,-2.44,7.07,-4.74,2.1,0.06,3.96,3.92
2011-03,2.44,1.97,3.13,-0.05,0.94,4.71,-0.1,0.64,1.0,-0.64,0.82,-8.71,2.27,2.78,1.58,4.19,1.08,2.63,-1.25,-2.44
2011-04,3.41,5.57,11.06,1.92,4.76,7.08,7.86,9.93,3.6,9.09,8.87,0.83,4.77,9.27,6.26,5.28,7.78,8.69,10.42,7.47
2011-05,-1.97,-4.75,-5.5,-3.3,-3.7,-7.32,-2.54,-4.55,0.77,-4.0,-5.74,-1.61,-4.62,2.57,-4.58,-1.5,-4.85,-2.76,1.6,-2.49
2011-06,-0.75,-2.03,-4.02,-3.22,-4.69,-4.95,0.61,1.04,-3.29,0.68,-2.72,2.47,-3.22,-1.76,-4.65,-1.1,-0.79,-6.01,-4.12,-3.09
2011-07,-5.07,-0.51,-3.68,-1.62,-3.68,-9.67,-6.53,-3.47,1.86,-5.87,-8.35,4.0,-4.82,5.3,-0.86,4.5,-6.79,-3.84,0.01,0.15
2011-08,-10.15,-4.99,-5.68,-4.23,-13.22,-6.02,-10.44,-15.58,-6.8,-7.04,-13.54,-7.44,-10.26,-3.99,-7.8,-9.72,-8.47,-11.4,-7.14,-8.21
2011-09,-18.49,-15.48,-10.15,-14.77,-10.01,-15.05,-14.66,-12.57,-17.01,-8.92,-11.09,-0.52,-10.07,-10.38,-15.11,-13.94,-8.68,-13.1,-11.98,-9.15
2011-10,4.3,16.72,1.05,11.17,7.67,12.91,11.33,14.68,11.95,11.44,11.68,-1.22,11.46,5.72,15.79,10.32,8.38,15.02,7.37,11.24
2011-11,-9.39,-5.69,-2.62,-2.27,1.66,-5.57,-6.33,-4.32,-6.49,-2.04,-7.03,-3.76,-5.9,-4.89,-3.99,-7.6,-7.53,-5.37,-5.54,-3.0
2011-12,-1.52,-2.09,-0.67,-1.62,-2.96,-7.83,-3.85,-6.16,0.88,1.53,-4.99,1.23,-0.49,-0.24,-2.2,-1.89,-2.66,-0.97,1.19,-0.44
2012-01,9.75,9.48,3.88,6.38,6.92,9.25,6.54,10.24,8.78,9.75,6.21,4.31,4.49,7.2,4.59,13.1,1.47,7.38,3.23,4.72
2012-02,6.97,3.63,7.83,3.34,11.59,8.19,6.75,7.64,7.75,35.05,5.79,3.5,5.55,2.41,13.07,4.78,1.48,9.51,5.08,5.52
2012-03,-0.44,-2.43,6.71,-2.56,-0.77,0.25,0.11,1.22,-3.36,-14.74,-1.21,1.45,1.79,3.27,-2.87,0.27,-4.6,-0.98,2.52,-0.64
2012-04,-2.44,1.78,-2.53,0.18,2.29,-4.73,-5.47,-2.04,1.1,-8.68,-6.5,-1.71,-3.49,1.64,-1.67,0.52,-11.5,-1.66,-0.68,1.17
2012-05,-13.62,-13.15,-9.11,-10.6,-11.85,-17.24,-11.04,-12.64,-9.44,-14.79,-14.7,-8.36,-11.11,-8.89,-14.04,-10.01,-17.16,-13.58,-10.5,-11.91
2012-06,5.92,5.4,9.99,2.62,4.8,3.9,8.11,3.65,3.15,5.14,11.65,4.73,7.29,4.27,7.38,5.78,18.63,8.06,5.46,6.43
2012-07,-1.76,6.28,0.8,2.12,4.42,-0.23,-0.31,1.84,2.25,-12.17,-4.14,-1.78,2.21,4.58,2.32,6.84,-5.88,6.15,1.85,1.14
2012-08,3.29,0.43,4.59,4.32,3.18,4.56,5.37,4.31,2.34,2.56,10.15,-0.6,3.77,2.76,6.84,0.71,11.1,0.35,2.09,3.75
2012-09,4.77,2.63,4.69,3.65,3.4,4.63,1.39,5.24,6.76,7.34,2.15,2.32,2.07,8.6,2.95,4.05,7.2,3.97,3.34,3.08
2012-10,4.72,2.97,-0.16,-0.61,-0.65,2.6,2.87,2.28,1.82,-1.16,3.45,-1.87,2.91,2.24,-1.24,-0.32,3.51,-2.43,2.55,1.05
2012-11,4.0,0.61,3.51,-0.57,1.36,3.34,3.76,2.35,2.99,3.12,1.63,1.66,4.79,0.93,0.25,1.45,1.21,2.62,3.25,1.13
2012-12,5.54,3.12,2.76,2.46,2.76,3.99,3.81,4.04,2.16,2.21,4.75,3.78,3.19,1.62,2.81,3.19,5.89,4.5,1.66,2.56
2013-01,5.35,5.31,3.94,2.04,10.13,7.53,6.32,6.06,6.91,16.55,8.84,3.81,7.39,5.55,6.88,3.3,6.44,8.21,8.03,3.6
2013-02,-3.81,2.98,1.48,-2.2,-1.39,-1.07,-2.91,-3.64,-0.69,0.44,-9.55,2.94,-5.04,-0.32,-3.77,0.32,-4.56,1.82,0.84,-2.31
2013-03,-5.07,-0.3,1.51,1.2,-1.67,-2.05,-1.19,-1.7,-1.0,2.9,-3.29,5.74,0.63,3.99,-1.99,0.73,-5.71,-0.13,1.56,1.0
2013-04,4.91,3.16,1.05,-1.13,3.48,5.01,5.81,3.74,1.9,-0.32,9.88,8.77,2.72,6.1,2.46,2.77,9.19,2.66,4.54,2.66
2013-05,0.21,-11.78,-1.1,-1.05,-0.97,0.43,2.94,3.52,-0.37,4.52,2.74,-5.45,3.41,-8.28,0.7,-3.92,-2.26,-0.05,-1.91,0.67
2013-06,-6.97,-7.23,-4.21,-4.9,-3.76,-4.95,-4.56,-3.49,-5.82,-5.52,-8.81,0.86,-4.3,-4.18,-7.21,-4.63,-5.38,-6.36,-2.08,-5.0
2013-07,6.27,3.86,7.02,5.65,8.85,5.74,9.57,6.48,2.6,2.61,9.74,1.3,9.2,5.47,8.02,2.73,11.46,10.73,4.19,6.85
2013-08,2.65,1.52,-1.5,-1.05,0.97,1.97,-1.66,-1.93,-0.1,8.39,0.64,-2.49,-1.29,-3.38,-2.71,-5.02,-1.94,-2.69,-1.01,0.05
2013-09,5.4,7.31,6.68,3.73,5.71,12.68,8.15,7.62,5.62,10.1,6.54,8.82,6.11,11.84,3.2,7.0,13.24,7.04,6.47,5.58
2013-10,3.57,5.32,4.84,3.37,3.06,4.0,3.99,5.63,2.45,7.42,11.42,-0.27,4.37,3.42,6.65,1.23,8.87,0.63,2.39,3.35
2013-11,1.4,-4.93,-0.5,-1.11,3.81,3.08,0.52,3.6,0.74,13.78,-0.78,1.02,0.91,-2.62,-1.41,-1.75,-0.02,1.04,0.58,1.31
2013-12,-1.82,-1.33,3.33,2.05,3.9,1.44,1.74,2.65,1.0,-2.96,0.8,0.81,2.51,0.37,2.45,-0.44,2.67,4.09,1.34,3.14
2014-01,-0.25,-4.53,-5.28,-3.76,2.5,-5.91,-3.79,-4.08,-4.23,9.3,0.14,-2.58,-4.85,1.82,-5.52,-5.17,-1.13,-3.45,-1.41,-3.58
2014-02,3.39,6.94,8.15,4.59,12.68,9.99,8.41,5.71,4.63,13.65,7.84,-0.52,6.08,4.64,8.08,3.35,4.56,8.54,7.31,7.27
2014-03,-2.06,4.12,0.26,1.12,-1.27,-1.84,0.19,-0.92,-1.98,-3.57,5.39,-1.21,1.22,5.66,1.68,2.88,2.79,-0.27,0.08,-3.36
2014-04,1.31,1.39,2.25,3.26,1.18,3.13,2.6,0.82,0.68,-9.17,1.07,-2.25,-1.07,0.59,3.85,3.83,1.77,1.18,1.81,3.18
2014-05,-0.48,0.86,1.02,0.67,1.24,2.19,0.72,1.8,2.94,-5.27,-1.33,3.83,1.38,-2.0,4.51,2.02,1.48,0.91,0.69,0.63
2014-06,1.39,-0.14,1.28,5.66,2.26,0.33,-1.38,-0.36,0.61,-10.08,-0.59,5.71,1.13,1.47,-0.12,-0.05,1.98,-1.33,-0.21,0.67
2014-07,-8.14,2.99,-4.01,-0.85,-2.85,-2.12,-5.56,-6.68,4.31,-0.71,-5.49,0.73,-4.86,-1.6,-3.9,2.92,-3.71,-3.77,-3.82,-1.54
2014-08,-2.03,1.22,2.37,2.27,-1.13,-1.0,0.19,-1.16,-0.96,-1.76,-1.93,-1.92,2.09,-0.58,0.84,-1.1,-1.76,-0.84,1.67,0.35
2014-09,-7.16,-11.17,-2.15,-6.69,-1.07,-3.49,-3.78,-4.46,-6.44,5.22,-2.4,-1.07,-1.63,-5.12,-4.43,-4.34,-2.81,-3.18,-2.61,-5.19
2014-10,-1.69,4.41,-2.06,-2.69,-1.57,-0.86,-3.87,-1.55,5.29,1.04,-6.01,-2.03,-1.91,1.91,-9.74,-1.47,-3.99,-0.9,-0.91,-2.07
2014-11,1.78,-6.42,5.02,-0.34,-0.45,2.81,3.62,5.47,0.53,-12.83,0.45,-0.03,5.0,1.82,-9.52,-0.09,2.33,2.32,3.03,0.71
2014-12,-6.51,-2.25,-2.7,-1.91,-4.59,-4.38,-4.05,-3.38,-4.39,0.9,-6.94,-0.77,-3.7,1.41,-5.09,-1.69,-6.04,-3.66,-4.48,-2.09
2015-01,-5.25,-2.12,2.92,-8.2,0.68,1.51,0.29,0.68,3.97,-4.37,1.07,2.77,0.25,-4.18,-1.2,-0.46,-4.38,1.11,1.0,-1.07
2015-02,10.39,7.58,4.66,5.93,7.62,4.95,6.63,5.73,-0.01,6.09,7.67,5.32,6.88,5.92,5.44,-0.36,6.35,7.48,4.09,6.32
2015-03,-3.28,-3.07,-3.48,-3.14,4.28,-1.99,-2.62,0.15,1.25,4.68,0.07,1.8,-0.37,-2.37,-4.96,-0.36,-0.77,-3.48,0.54,-5.67
2015-04,7.22,2.52,2.53,7.61,5.09,0.52,5.7,0.69,10.03,1.91,4.61,3.49,3.77,0.72,12.65,7.12,3.39,3.8,5.0,6.9
2015-05,-2.02,-2.7,0.05,-4.26,-0.28,-0.62,-1.04,-1.22,0.92,-0.66,0.89,0.76,1.94,-6.37,-3.26,-4.04,-2.66,-1.2,0.98,1.01
2015-06,-3.56,-4.47,-0.46,-3.06,-2.41,-2.45,-2.92,-2.21,-4.85,1.05,-2.57,-0.7,-2.48,-6.78,-4.0,-2.26,-2.43,-3.8,-4.14,-2.87
2015-07,2.47,-1.31,1.75,-4.66,4.5,3.17,4.25,1.09,-4.34,3.69,4.14,0.84,2.66,-0.27,-3.35,-5.18,2.82,1.04,3.79,1.52
2015-08,-4.44,-9.64,-5.46,-4.48,-3.3,-6.27,-6.01,-5.77,-11.36,-2.23,-4.44,-5.27,-6.19,-6.91,-8.55,-10.99,-5.56,-4.22,-5.95,-7.02
2015-09,-4.37,-3.73,-2.64,-5.05,-2.8,-3.44,-4.46,-5.61,-2.44,-3.2,-2.85,-6.06,-3.63,1.53,-4.93,-3.42,-6.02,-3.32,-4.03,-3.94
2015-10,5.99,6.3,7.8,4.02,-0.24,7.76,7.12,8.43,7.69,0.21,4.01,9.17,7.54,12.7,5.55,8.59,7.05,4.5,3.82,6.76
2015-11,-1.43,0.62,3.09,-2.23,3.96,1.03,-2.77,0.09,-3.54,-7.25,-2.19,-0.16,-0.39,-1.18,-0.35,-4.76,-3.33,1.27,-3.07,-2.08
2015-12,0.29,3.43,0.1,-6.26,2.08,0.37,-2.34,-1.17,0.79,-8.28,-1.96,0.47,-2.52,7.85,-5.53,0.19,-4.5,-0.88,1.38,-3.54
2016-01,-8.37,-7.89,-2.9,-2.52,-4.14,-2.85,-4.5,-8.0,-10.08,-9.85,-11.63,-7.68,-3.38,-7.31,-5.12,-7.2,-7.31,-8.4,-6.88,-6.51
2016-02,-0.3,-0.75,-5.62,4.05,-1.61,-4.25,-0.97,-2.58,1.61,4.92,-4.33,-1.73,-1.78,2.4,2.09,3.49,-3.29,2.28,-1.58,-1.69
2016-03,10.11,12.3,7.47,9.62,5.98,7.75,6.06,9.72,8.56,11.9,8.18,5.18,8.33,13.16,7.38,10.29,7.95,7.66,4.8,5.25
2016-04,3.71,2.66,1.36,7.22,2.08,0.78,1.99,1.64,0.26,-3.37,2.69,5.17,1.0,2.16,8.35,1.54,3.89,1.82,3.18,2.76
2016-05,-3.59,-2.16,1.96,-3.11,1.77,0.17,-0.02,-0.72,-0.63,-1.53,-2.53,-1.26,0.96,-0.49,-2.72,-3.79,-1.76,-1.28,0.01,-0.14
2016-06,-5.4,0.81,-1.11,1.53,-4.49,-1.22,-5.55,-5.0,-0.27,-13.85,-9.2,-2.41,-6.21,3.62,-0.71,3.13,-8.37,-5.04,-0.67,-6.29
2016-07,6.19,8.35,1.19,3.04,4.74,6.76,5.67,6.49,5.19,6.78,4.28,6.66,4.75,7.01,-0.26,1.22,6.41,4.27,2.59,3.68
2016-08,2.56,-2.28,-0.28,-0.22,-3.08,0.05,0.12,1.61,1.46,2.51,0.45,-1.21,3.04,1.77,2.06,-1.37,1.33,2.51,-0.6,1.11
2016-09,3.38,2.4,3.87,1.16,-3.34,3.65,1.31,0.74,3.19,-1.03,-1.71,2.7,1.08,0.09,5.39,1.11,1.89,1.6,1.11,0.4
2016-10,1.02,-2.69,-7.35,-1.74,-4.45,-4.35,-0.79,-1.88,0.02,-5.52,1.27,1.48,-2.33,-6.75,-0.46,-2.96,1.01,-5.81,-5.1,-5.18
2016-11,-1.76,-0.59,-5.57,2.09,-7.05,-3.07,-2.41,-4.48,-0.22,1.65,-4.39,-3.94,-4.0,-1.72,0.51,-0.59,-7.25,-0.83,-2.16,0.53
2016-12,3.59,1.62,2.4,1.51,5.68,4.47,5.26,6.29,-5.07,1.71,11.5,1.37,3.77,-2.04,3.5,-1.45,6.37,4.18,3.59,3.43
2017-01,6.12,4.61,0.42,4.17,5.21,0.86,1.73,4.19,6.23,2.7,-0.07,3.85,2.72,8.05,5.42,8.01,2.46,5.52,4.24,1.94
2017-02,0.89,3.02,2.1,-1.91,-1.24,1.05,0.15,-0.09,1.59,-0.14,0.01,1.19,2.86,0.15,-2.07,2.75,0.1,-0.29,1.63,1.55
2017-03,3.44,2.8,2.82,1.11,3.59,4.0,6.05,4.23,3.03,2.59,9.38,0.93,5.14,-1.96,-3.26,2.36,9.69,2.82,3.2,2.54
2017-04,7.97,-1.5,3.55,-2.06,7.82,7.42,6.34,4.11,2.41,5.73,3.96,1.17,5.4,-0.24,1.45,0.63,5.76,6.06,4.35,3.11
2017-05,7.99,-3.21,5.16,-0.1,5.71,5.74,6.06,5.42,2.28,8.83,5.32,3.0,4.98,4.37,3.44,2.15,5.27,3.22,5.5,3.86
2017-06,2.08,3.64,-2.91,3.39,1.37,0.65,-0.08,-0.73,-0.15,-4.29,0.1,1.13,-1.07,6.09,-0.81,1.13,-1.98,1.45,-0.02,-1.5
2017-07,6.94,4.39,8.15,3.72,5.12,2.62,3.2,2.96,2.01,1.52,7.82,2.42,6.83,4.0,11.76,3.93,4.17,1.76,0.7,3.01
2017-08,0.75,0.1,-1.82,0.67,2.68,0.7,1.11,0.57,1.8,0.58,0.91,0.35,-0.65,-3.53,2.26,-0.14,-1.29,1.01,-0.28,-0.57
2017-09,1.53,-1.34,2.34,2.87,-0.26,1.16,3.84,4.73,1.11,2.4,3.49,1.71,1.74,2.06,3.14,-1.04,-0.47,2.74,1.62,3.01
2017-10,1.56,1.65,0.8,-0.38,1.14,-0.97,1.61,1.93,0.6,0.06,-0.18,4.1,0.67,-2.84,0.76,4.39,0.46,-0.77,-1.55,1.01
2017-11,0.84,0.73,-2.24,0.32,-2.06,0.13,0.47,1.17,1.57,1.58,0.32,2.69,-1.22,0.57,-2.54,1.62,-0.5,-3.21,2.19,0.08
2017-12,2.66,5.24,-0.43,3.79,1.92,0.77,0.34,0.38,1.69,0.9,-0.41,1.34,1.59,6.77,3.74,0.95,-0.37,1.13,1.59,4.63
2018-01,8.39,2.92,5.49,0.83,3.69,6.19,6.89,5.82,4.25,4.22,10.04,4.61,5.95,4.5,6.81,6.11,7.5,5.72,4.59,3.33
2018-02,-5.4,-3.64,-4.04,-7.18,-2.04,0.8,-4.36,-6.35,-2.77,-5.19,-6.06,-1.3,-4.85,-3.47,-1.38,-2.88,-6.9,-5.46,-5.55,-6.05
2018-03,0.36,-4.5,-0.5,-0.79,-0.47,-0.83,-0.53,-0.8,-2.49,0.0,0.75,-1.36,-0.09,0.54,-0.8,-0.97,-0.66,-1.95,-1.8,0.04
2018-04,-0.49,1.32,-3.35,2.5,-0.73,3.97,4.22,1.07,2.57,0.88,4.52,0.4,1.16,-0.92,5.11,2.65,2.36,-0.38,-0.57,4.32
2018-05,-4.44,1.87,-4.47,1.72,-1.35,-1.5,-2.71,-2.57,0.76,1.64,-9.4,-1.11,-1.86,2.46,0.31,-4.12,-6.76,-0.78,-2.54,-0.83
2018-06,-2.7,0.57,2.24,0.02,-1.24,-1.31,-1.42,-3.28,-5.21,-1.83,0.17,-2.35,0.11,0.21,1.09,-6.26,2.2,-1.44,1.07,-0.86
2018-07,5.0,1.63,1.76,1.97,5.52,0.85,2.88,3.84,1.39,-1.63,3.06,0.03,2.66,0.4,1.22,1.32,2.27,5.87,5.08,0.57
2018-08,-3.96,-1.69,-4.34,-1.24,-0.59,1.34,-1.37,-2.56,-2.83,-0.52,-7.96,-0.27,-1.84,1.64,-1.78,-1.99,-4.6,-1.25,0.62,-4.06
2018-09,1.54,-0.52,-3.08,0.63,-3.52,-0.82,1.06,-1.77,-1.53,-3.54,2.49,2.89,-2.93,0.53,7.02,1.22,-0.13,3.05,-0.79,1.74
2018-10,-7.71,-8.38,-10.64,-8.27,-10.28,-9.63,-9.9,-8.51,-10.27,-8.18,-10.41,-8.48,-7.54,-7.81,-8.38,-7.36,-7.78,-9.82,-4.55,-7.26
2018-11,-2.06,1.25,2.45,0.22,1.18,-3.97,-2.08,-1.53,6.32,-4.35,-0.05,1.05,1.72,6.54,-5.67,2.37,2.23,-0.99,-0.05,-2.03
2018-12,-8.32,-4.02,-7.66,-7.76,-2.34,-1.3,-3.83,-5.32,-0.78,-5.0,-2.66,-6.93,-5.85,-2.44,-7.28,-1.14,-4.38,-3.4,-5.01,-3.86
2019-01,8.34,7.27,8.9,12.87,4.01,7.93,5.8,5.85,6.12,4.99,7.66,5.35,6.66,4.61,7.59,6.26,6.4,6.05,5.5,7.38
2019-02,0.37,3.32,1.76,2.86,4.57,1.82,4.17,1.41,4.74,5.2,3.13,0.44,4.75,1.69,1.86,0.13,1.87,1.51,3.64,3.41
2019-03,-1.05,1.08,3.18,-0.65,2.77,0.35,0.66,-1.14,1.08,-0.66,1.84,0.35,1.39,5.76,-0.7,0.8,-1.54,0.52,2.5,1.08
2019-04,5.51,1.4,4.44,2.76,1.89,1.35,5.0,6.55,1.12,4.32,2.24,1.39,5.71,-0.66,2.02,4.41,3.73,4.48,1.86,2.69
2019-05,-6.53,0.11,-6.19,-4.15,-3.73,-4.37,-5.44,-5.97,-6.78,-6.15,-6.91,-3.31,-5.41,-0.92,-5.87,-6.63,-5.67,-6.62,0.02,-6.02
2019-06,4.22,4.84,6.41,5.81,4.35,6.1,7.68,6.37,4.82,3.12,8.44,2.63,5.94,7.31,4.29,8.31,4.53,8.96,6.01,3.97
2019-07,-1.33,0.2,5.02,-0.64,-2.62,-2.8,-2.59,-3.91,-3.15,-3.92,-1.65,0.66,0.17,0.33,-4.88,-1.29,-4.27,-3.51,-0.94,-2.71
2019-08,-2.46,-3.63,-4.05,-0.97,0.99,-2.58,-1.8,-2.01,-8.75,-4.14,-1.66,-0.95,-1.13,-4.21,-3.03,-5.19,-2.1,-3.45,0.22,-3.99
2019-09,1.72,2.45,1.84,2.1,-0.45,3.02,1.79,2.02,0.02,5.08,2.79,3.97,2.41,1.15,3.66,0.9,2.9,2.22,0.82,4.21
2019-10,5.34,1.69,-3.81,-0.4,2.97,2.86,3.52,5.75,4.02,6.77,4.12,4.95,1.54,1.16,-0.37,4.58,3.05,6.42,2.16,3.7
2019-11,-0.6,0.97,0.76,2.72,4.46,-1.17,1.91,1.94,-1.61,6.15,2.07,0.67,2.27,4.06,0.38,-0.04,0.39,2.31,1.66,2.28
2019-12,2.65,1.72,3.04,3.08,5.24,4.8,3.08,2.56,3.97,4.71,1.71,2.12,3.25,7.14,8.43,3.14,4.41,6.21,4.7,5.93
